image,corner_count
RC04846/page_1/c131.png,12
RC04846/page_1/c102.png,20
RC04846/page_1/c236.png,5
RC04846/page_1/c36.png,17
RC04846/page_1/c141.png,34
RC04846/page_1/c263.png,12
RC04846/page_1/c240.png,34
RC04846/page_1/c59.png,12
RC04846/page_1/c257.png,18
RC04846/page_1/c230.png,29
RC04846/page_1/c154.png,13
RC04846/page_1/c148.png,41
RC04846/page_1/c249.png,10
RC04846/page_1/c18.png,29
RC04846/page_1/c5.png,20
RC04846/page_1/c177.png,16
RC04846/page_1/c80.png,24
RC04846/page_1/c144.png,11
RC04846/page_1/c97.png,28
RC04846/page_1/c247.png,16
RC04846/page_1/c50.png,17
RC04846/page_1/c239.png,12
RC04846/page_1/c122.png,29
RC04846/page_1/c253.png,21
RC04846/page_1/c78.png,12
RC04846/page_1/c85.png,15
RC04846/page_1/c156.png,15
RC04846/page_1/c108.png,30
RC04846/page_1/c31.png,17
RC04846/page_1/c35.png,10
RC04846/page_1/c125.png,25
RC04846/page_1/c180.png,18
RC04846/page_1/c87.png,10
RC04846/page_1/c57.png,12
RC04846/page_1/c69.png,41
RC04846/page_1/c282.png,28
RC04846/page_1/c261.png,14
RC04846/page_1/c291.png,6
RC04846/page_1/c61.png,11
RC04846/page_1/c90.png,9
RC04846/page_1/c221.png,4
RC04846/page_1/c26.png,7
RC04846/page_1/c166.png,7
RC04846/page_1/c229.png,14
RC04846/page_1/c41.png,11
RC04846/page_1/c244.png,25
RC04846/page_1/c269.png,17
RC04846/page_1/c121.png,7
RC04846/page_1/c171.png,16
RC04846/page_1/c79.png,15
RC04846/page_1/c55.png,25
RC04846/page_1/c66.png,11
RC04846/page_1/c210.png,29
RC04846/page_1/c302.png,4
RC04846/page_1/c1.png,19
RC04846/page_1/c190.png,33
RC04846/page_1/c104.png,23
RC04846/page_1/c206.png,11
RC04846/page_1/c169.png,23
RC04846/page_1/c65.png,5
RC04846/page_1/c38.png,6
RC04846/page_1/c98.png,41
RC04846/page_1/c11.png,10
RC04846/page_1/c275.png,16
RC04846/page_1/c53.png,20
RC04846/page_1/c299.png,6
RC04846/page_1/c178.png,10
RC04846/page_1/c279.png,11
RC04846/page_1/c304.png,4
RC04846/page_1/c88.png,26
RC04846/page_1/c71.png,41
RC04846/page_1/c42.png,13
RC04846/page_1/c21.png,29
RC04846/page_1/c205.png,12
RC04846/page_1/c181.png,10
RC04846/page_1/c281.png,38
RC04846/page_1/c228.png,33
RC04846/page_1/c34.png,17
RC04846/page_1/c43.png,32
RC04846/page_1/c256.png,16
RC04846/page_1/c134.png,13
RC04846/page_1/c23.png,13
RC04846/page_1/c212.png,18
RC04846/page_1/c202.png,18
RC04846/page_1/c37.png,11
RC04846/page_1/c70.png,39
RC04846/page_1/c189.png,26
RC04846/page_1/c250.png,18
RC04846/page_1/c129.png,41
RC04846/page_1/c109.png,31
RC04846/page_1/c218.png,6
RC04846/page_1/c197.png,39
RC04846/page_1/c40.png,10
RC04846/page_1/c290.png,14
RC04846/page_1/c153.png,15
RC04846/page_1/c86.png,31
RC04846/page_1/c117.png,25
RC04846/page_1/c262.png,9
RC04846/page_1/c4.png,35
RC04846/page_1/c157.png,34
RC04846/page_1/c176.png,7
RC04846/page_1/c203.png,12
RC04846/page_1/c47.png,26
RC04846/page_1/c95.png,31
RC04846/page_1/c135.png,17
RC04846/page_1/c160.png,9
RC04846/page_1/c150.png,7
RC04846/page_1/c216.png,20
RC04846/page_1/c196.png,38
RC04846/page_1/c107.png,36
RC04846/page_1/c296.png,46
RC04846/page_1/c45.png,15
RC04846/page_1/c32.png,16
RC04846/page_1/c162.png,15
RC04846/page_1/c120.png,9
RC04846/page_1/c174.png,22
RC04846/page_1/c164.png,10
RC04846/page_1/c224.png,41
RC04846/page_1/c126.png,43
RC04846/page_1/c273.png,10
RC04846/page_1/c198.png,22
RC04846/page_1/c233.png,22
RC04846/page_1/c165.png,13
RC04846/page_1/c140.png,22
RC04846/page_1/c242.png,25
RC04846/page_1/c83.png,34
RC04846/page_1/c46.png,12
RC04846/page_1/c25.png,1
RC04846/page_1/c297.png,16
RC04846/page_1/c265.png,9
RC04846/page_1/c199.png,27
RC04846/page_1/c127.png,12
RC04846/page_1/c208.png,8
RC04846/page_1/c3.png,23
RC04846/page_1/c81.png,27
RC04846/page_1/c241.png,37
RC04846/page_1/c258.png,30
RC04846/page_1/c155.png,37
RC04846/page_1/c277.png,34
RC04846/page_1/c184.png,16
RC04846/page_1/c30.png,14
RC04846/page_1/c24.png,13
RC04846/page_1/c151.png,17
RC04846/page_1/c92.png,5
RC04846/page_1/c15.png,35
RC04846/page_1/c91.png,14
RC04846/page_1/c17.png,14
RC04846/page_1/c246.png,23
RC04846/page_1/c49.png,11
RC04846/page_1/c220.png,12
RC04846/page_1/c33.png,11
RC04846/page_1/c303.png,11
RC04846/page_1/c278.png,9
RC04846/page_1/c238.png,36
RC04846/page_1/c232.png,25
RC04846/page_1/c301.png,0
RC04846/page_1/c105.png,7
RC04846/page_1/c128.png,4
RC04846/page_1/c200.png,40
RC04846/page_1/c288.png,26
RC04846/page_1/c298.png,16
RC04846/page_1/c188.png,52
RC04846/page_1/c286.png,13
RC04846/page_1/c194.png,9
RC04846/page_1/c77.png,11
RC04846/page_1/c287.png,17
RC04846/page_1/c283.png,28
RC04846/page_1/c84.png,15
RC04846/page_1/c16.png,32
RC04846/page_1/c93.png,9
RC04846/page_1/c110.png,47
RC04846/page_1/c136.png,10
RC04846/page_1/c89.png,28
RC04846/page_1/c187.png,44
RC04846/page_1/c223.png,25
RC04846/page_1/c167.png,12
RC04846/page_1/c99.png,35
RC04846/page_1/c12.png,17
RC04846/page_1/c20.png,27
RC04846/page_1/c152.png,10
RC04846/page_1/c60.png,15
RC04846/page_1/c271.png,25
RC04846/page_1/c64.png,16
RC04846/page_1/c133.png,10
RC04846/page_1/c103.png,16
RC04846/page_1/c158.png,11
RC04846/page_1/c161.png,44
RC04846/page_1/c193.png,13
RC04846/page_1/c295.png,17
RC04846/page_1/c211.png,30
RC04846/page_1/c142.png,54
RC04846/page_1/c254.png,30
RC04846/page_1/c173.png,47
RC04846/page_1/c272.png,25
RC04846/page_1/c124.png,26
RC04846/page_1/c2.png,44
RC04846/page_1/c274.png,11
RC04846/page_1/c170.png,26
RC04846/page_1/c219.png,14
RC04846/page_1/c217.png,14
RC04846/page_1/c75.png,5
RC04846/page_1/c52.png,9
RC04846/page_1/c264.png,2
RC04846/page_1/c72.png,11
RC04846/page_1/c245.png,13
RC04846/page_1/c179.png,13
RC04846/page_1/c175.png,17
RC04846/page_1/c28.png,19
RC04846/page_1/c305.png,8
RC04846/page_1/c191.png,20
RC04846/page_1/c51.png,11
RC04846/page_1/c215.png,18
RC04846/page_1/c183.png,19
RC04846/page_1/c214.png,10
RC04846/page_1/c63.png,9
RC04846/page_1/c137.png,14
RC04846/page_1/c58.png,56
RC04846/page_1/c209.png,40
RC04846/page_1/c226.png,27
RC04846/page_1/c106.png,27
RC04846/page_1/c62.png,5
RC04846/page_1/c159.png,13
RC04846/page_1/c74.png,28
RC04846/page_1/c267.png,30
RC04846/page_1/c67.png,18
RC04846/page_1/c213.png,29
RC04846/page_1/c182.png,18
RC04846/page_1/c243.png,18
RC04846/page_1/c13.png,37
RC04846/page_1/c48.png,16
RC04846/page_1/c101.png,3
RC04846/page_1/c119.png,3
RC04846/page_1/c27.png,22
RC04846/page_1/c227.png,15
RC04846/page_1/c73.png,8
RC04846/page_1/c195.png,2
RC04846/page_1/c163.png,25
RC04846/page_1/c280.png,14
RC04846/page_1/c172.png,36
RC04846/page_1/c113.png,29
RC04846/page_1/c145.png,10
RC04846/page_1/c123.png,28
RC04846/page_1/c44.png,32
RC04846/page_1/c22.png,25
RC04846/page_1/c186.png,20
RC04846/page_1/c29.png,24
RC04846/page_1/c192.png,4
RC04846/page_1/c222.png,22
RC04846/page_1/c293.png,7
RC04846/page_1/c306.png,4
RC04846/page_1/c255.png,36
RC04846/page_1/c251.png,8
RC04846/page_1/c132.png,10
RC04846/page_1/c118.png,11
RC04846/page_1/c207.png,9
RC04846/page_1/c9.png,19
RC04846/page_1/c76.png,12
RC04846/page_1/c114.png,12
RC04846/page_1/c185.png,38
RC04846/page_1/c266.png,42
RC04846/page_1/c259.png,10
RC04846/page_1/c6.png,15
RC04846/page_1/c14.png,24
RC04846/page_1/c143.png,29
RC04846/page_1/c94.png,14
RC04846/page_1/c100.png,26
RC04846/page_1/c292.png,16
RC04846/page_1/c276.png,7
RC04846/page_1/c19.png,19
RC04846/page_1/c270.png,35
RC04846/page_1/c130.png,30
RC04846/page_1/c116.png,8
RC04846/page_1/c149.png,8
RC04846/page_1/c204.png,8
RC04846/page_1/c10.png,40
RC04846/page_1/c112.png,40
RC04846/page_1/c168.png,4
RC04846/page_1/c56.png,15
RC04846/page_1/c146.png,15
RC04846/page_1/c234.png,12
RC04846/page_1/c82.png,24
RC04846/page_1/c225.png,27
RC04846/page_1/c111.png,36
RC04846/page_1/c96.png,23
RC04846/page_1/c68.png,39
RC04846/page_1/c54.png,11
RC04846/page_1/c285.png,5
RC04846/page_1/c39.png,14
RC04846/page_1/c231.png,32
RC04846/page_1/c235.png,10
RC04846/page_1/c248.png,9
RC04846/page_1/c252.png,41
RC04846/page_1/c260.png,13
RC04846/page_1/c201.png,17
RC04846/page_1/c115.png,7
RC04846/page_1/c147.png,16
RC04846/page_1/c289.png,6
RC04846/page_2/c15.png,8
RC04846/page_2/c48.png,17
RC04846/page_2/c21.png,14
RC04846/page_2/c10.png,16
RC04846/page_2/c60.png,31
RC04846/page_2/c9.png,33
RC04846/page_2/c18.png,20
RC04846/page_2/c61.png,37
RC04846/page_2/c51.png,24
RC04846/page_2/c50.png,26
RC04846/page_2/c29.png,6
RC04846/page_2/c62.png,50
RC04846/page_2/c12.png,11
RC04846/page_2/c27.png,8
RC04846/page_2/c34.png,27
RC04846/page_2/c42.png,21
RC04846/page_2/c37.png,36
RC04846/page_2/c16.png,32
RC04846/page_2/c25.png,13
RC04846/page_2/c46.png,24
RC04846/page_2/c24.png,14
RC04846/page_2/c7.png,16
RC04846/page_2/c40.png,6
RC04846/page_2/c20.png,15
RC04846/page_2/c52.png,12
RC04846/page_2/c59.png,4
RC04846/page_2/c32.png,32
RC04846/page_2/c55.png,11
RC04846/page_2/c17.png,26
RC04846/page_2/c39.png,13
RC04846/page_2/c45.png,32
RC04846/page_2/c11.png,8
RC04846/page_2/c47.png,8
RC04846/page_2/c38.png,30
RC04846/page_2/c54.png,30
RC04846/page_2/c43.png,12
RC04846/page_2/c13.png,7
RC04846/page_2/c30.png,33
RC04846/page_2/c8.png,30
RC04846/page_2/c36.png,38
RC04846/page_2/c53.png,24
RC04846/page_2/c41.png,18
RC04846/page_2/c22.png,4
RC04846/page_2/c58.png,6
RC04846/page_2/c31.png,32
RC04846/page_2/c35.png,18
RC04846/page_2/c28.png,8
RC04846/page_2/c26.png,15
RC04846/page_2/c56.png,11
RC04846/page_2/c14.png,13
RC04846/page_2/c23.png,5
RC04846/page_2/c3.png,30
RC04846/page_2/c57.png,12
RC04846/page_2/c2.png,4
RC04846/page_2/c6.png,18
RC04846/page_2/c49.png,18
RC04846/page_2/c117.png,7
RC04846/page_2/c305.png,13
RC04846/page_2/c299.png,18
RC04846/page_2/c219.png,9
RC04846/page_2/c119.png,9
RC04846/page_2/c240.png,28
RC04846/page_2/c212.png,19
RC04846/page_2/c69.png,12
RC04846/page_2/c174.png,17
RC04846/page_2/c226.png,16
RC04846/page_2/c244.png,11
RC04846/page_2/c187.png,16
RC04846/page_2/c144.png,18
RC04846/page_2/c313.png,23
RC04846/page_2/c247.png,12
RC04846/page_2/c143.png,10
RC04846/page_2/c217.png,9
RC04846/page_2/c276.png,10
RC04846/page_2/c280.png,10
RC04846/page_2/c297.png,18
RC04846/page_2/c273.png,34
RC04846/page_2/c180.png,45
RC04846/page_2/c189.png,5
RC04846/page_2/c149.png,11
RC04846/page_2/c192.png,11
RC04846/page_2/c245.png,10
RC04846/page_2/c314.png,5
RC04846/page_2/c75.png,28
RC04846/page_2/c228.png,5
RC04846/page_2/c110.png,13
RC04846/page_2/c196.png,25
RC04846/page_2/c239.png,42
RC04846/page_2/c103.png,12
RC04846/page_2/c160.png,25
RC04846/page_2/c71.png,8
RC04846/page_2/c142.png,30
RC04846/page_2/c108.png,16
RC04846/page_2/c318.png,7
RC04846/page_2/c121.png,28
RC04846/page_2/c170.png,13
RC04846/page_2/c182.png,25
RC04846/page_2/c235.png,5
RC04846/page_2/c185.png,13
RC04846/page_2/c181.png,33
RC04846/page_2/c317.png,12
RC04846/page_2/c279.png,13
RC04846/page_2/c109.png,36
RC04846/page_2/c172.png,15
RC04846/page_2/c242.png,14
RC04846/page_2/c215.png,19
RC04846/page_2/c261.png,19
RC04846/page_2/c231.png,17
RC04846/page_2/c83.png,15
RC04846/page_2/c221.png,7
RC04846/page_2/c202.png,20
RC04846/page_2/c88.png,35
RC04846/page_2/c129.png,21
RC04846/page_2/c73.png,9
RC04846/page_2/c92.png,30
RC04846/page_2/c236.png,10
RC04846/page_2/c115.png,8
RC04846/page_2/c230.png,30
RC04846/page_2/c86.png,8
RC04846/page_2/c306.png,25
RC04846/page_2/c186.png,7
RC04846/page_2/c265.png,11
RC04846/page_2/c243.png,10
RC04846/page_2/c102.png,6
RC04846/page_2/c316.png,24
RC04846/page_2/c178.png,28
RC04846/page_2/c176.png,16
RC04846/page_2/c101.png,10
RC04846/page_2/c137.png,13
RC04846/page_2/c141.png,36
RC04846/page_2/c194.png,20
RC04846/page_2/c76.png,18
RC04846/page_2/c300.png,17
RC04846/page_2/c310.png,30
RC04846/page_2/c90.png,50
RC04846/page_2/c152.png,30
RC04846/page_2/c184.png,6
RC04846/page_2/c82.png,18
RC04846/page_2/c260.png,24
RC04846/page_2/c254.png,20
RC04846/page_2/c122.png,19
RC04846/page_2/c268.png,22
RC04846/page_2/c283.png,25
RC04846/page_2/c284.png,18
RC04846/page_2/c209.png,32
RC04846/page_2/c139.png,42
RC04846/page_2/c155.png,11
RC04846/page_2/c72.png,11
RC04846/page_2/c190.png,12
RC04846/page_2/c161.png,15
RC04846/page_2/c224.png,10
RC04846/page_2/c165.png,42
RC04846/page_2/c287.png,14
RC04846/page_2/c138.png,42
RC04846/page_2/c234.png,9
RC04846/page_2/c188.png,18
RC04846/page_2/c264.png,13
RC04846/page_2/c191.png,18
RC04846/page_2/c153.png,31
RC04846/page_2/c195.png,36
RC04846/page_2/c301.png,16
RC04846/page_2/c93.png,45
RC04846/page_2/c84.png,12
RC04846/page_2/c128.png,29
RC04846/page_2/c203.png,15
RC04846/page_2/c162.png,5
RC04846/page_2/c148.png,13
RC04846/page_2/c127.png,4
RC04846/page_2/c107.png,41
RC04846/page_2/c227.png,31
RC04846/page_2/c267.png,41
RC04846/page_2/c201.png,11
RC04846/page_2/c210.png,19
RC04846/page_2/c158.png,15
RC04846/page_2/c133.png,6
RC04846/page_2/c114.png,4
RC04846/page_2/c291.png,38
RC04846/page_2/c146.png,17
RC04846/page_2/c120.png,27
RC04846/page_2/c296.png,17
RC04846/page_2/c269.png,39
RC04846/page_2/c198.png,35
RC04846/page_2/c295.png,42
RC04846/page_2/c67.png,4
RC04846/page_2/c66.png,9
RC04846/page_2/c136.png,22
RC04846/page_2/c179.png,37
RC04846/page_2/c78.png,24
RC04846/page_2/c118.png,20
RC04846/page_2/c159.png,10
RC04846/page_2/c255.png,38
RC04846/page_2/c94.png,12
RC04846/page_2/c157.png,16
RC04846/page_2/c167.png,23
RC04846/page_2/c193.png,22
RC04846/page_2/c288.png,5
RC04846/page_2/c164.png,6
RC04846/page_2/c95.png,13
RC04846/page_2/c175.png,15
RC04846/page_2/c248.png,23
RC04846/page_2/c100.png,10
RC04846/page_2/c251.png,6
RC04846/page_2/c211.png,43
RC04846/page_2/c70.png,15
RC04846/page_2/c145.png,15
RC04846/page_2/c312.png,25
RC04846/page_2/c282.png,21
RC04846/page_2/c205.png,19
RC04846/page_2/c289.png,9
RC04846/page_2/c302.png,6
RC04846/page_2/c286.png,15
RC04846/page_2/c173.png,9
RC04846/page_2/c134.png,41
RC04846/page_2/c266.png,39
RC04846/page_2/c290.png,15
RC04846/page_2/c233.png,16
RC04846/page_2/c258.png,13
RC04846/page_2/c130.png,18
RC04846/page_2/c171.png,38
RC04846/page_2/c232.png,10
RC04846/page_2/c64.png,20
RC04846/page_2/c80.png,6
RC04846/page_2/c259.png,20
RC04846/page_2/c257.png,44
RC04846/page_2/c207.png,12
RC04846/page_2/c81.png,7
RC04846/page_2/c262.png,17
RC04846/page_2/c213.png,21
RC04846/page_2/c154.png,29
RC04846/page_2/c281.png,32
RC04846/page_2/c206.png,7
RC04846/page_2/c222.png,29
RC04846/page_2/c253.png,12
RC04846/page_2/c256.png,28
RC04846/page_2/c131.png,16
RC04846/page_2/c147.png,9
RC04846/page_2/c163.png,18
RC04846/page_2/c77.png,38
RC04846/page_2/c270.png,25
RC04846/page_2/c218.png,18
RC04846/page_2/c68.png,9
RC04846/page_2/c238.png,34
RC04846/page_2/c204.png,15
RC04846/page_2/c249.png,4
RC04846/page_2/c135.png,47
RC04846/page_2/c126.png,4
RC04846/page_2/c225.png,15
RC04846/page_2/c277.png,40
RC04846/page_2/c132.png,13
RC04846/page_2/c252.png,11
RC04846/page_2/c79.png,11
RC04846/page_2/c85.png,17
RC04846/page_2/c168.png,28
RC04846/page_2/c271.png,18
RC04846/page_2/c200.png,30
RC04846/page_2/c285.png,16
RC04846/page_2/c315.png,15
RC04846/page_2/c298.png,31
RC04846/page_2/c214.png,16
RC04846/page_2/c65.png,11
RC04846/page_2/c229.png,16
RC04846/page_2/c275.png,12
RC04846/page_2/c216.png,14
RC04846/page_2/c98.png,25
RC04846/page_2/c250.png,11
RC04846/page_2/c123.png,51
RC04846/page_2/c183.png,19
RC04846/page_2/c246.png,37
RC04846/page_2/c140.png,34
RC04846/page_2/c112.png,7
RC04846/page_2/c177.png,5
RC04846/page_2/c166.png,43
RC04846/page_2/c111.png,13
RC04846/page_2/c63.png,42
RC04846/page_2/c197.png,23
RC04846/page_2/c150.png,36
RC04846/page_2/c303.png,12
RC04846/page_2/c87.png,9
RC04846/page_2/c294.png,33
RC04846/page_2/c169.png,28
RC04846/page_2/c89.png,34
RC04846/page_2/c263.png,11
RC04846/page_2/c199.png,12
RC04846/page_2/c272.png,2
RC04846/page_2/c308.png,15
RC04846/page_2/c74.png,20
RC04846/page_2/c220.png,2
RC04846/page_2/c208.png,17
RC04846/page_2/c156.png,13
RC04846/page_2/c278.png,15
RC04846/page_2/c113.png,33
RC04846/page_3/c102.png,10
RC04846/page_3/c97.png,23
RC04846/page_3/c65.png,33
RC04846/page_3/c79.png,11
RC04846/page_3/c109.png,12
RC04846/page_3/c28.png,22
RC04846/page_3/c62.png,34
RC04846/page_3/c27.png,19
RC04846/page_3/c50.png,16
RC04846/page_3/c36.png,26
RC04846/page_3/c85.png,15
RC04846/page_3/c108.png,32
RC04846/page_3/c74.png,17
RC04846/page_3/c32.png,11
RC04846/page_3/c83.png,9
RC04846/page_3/c49.png,12
RC04846/page_3/c84.png,23
RC04846/page_3/c59.png,11
RC04846/page_3/c44.png,12
RC04846/page_3/c35.png,22
RC04846/page_3/c61.png,49
RC04846/page_3/c110.png,5
RC04846/page_3/c64.png,10
RC04846/page_3/c121.png,13
RC04846/page_3/c71.png,7
RC04846/page_3/c111.png,20
RC04846/page_3/c30.png,18
RC04846/page_3/c51.png,22
RC04846/page_3/c70.png,8
RC04846/page_3/c45.png,28
RC04846/page_3/c91.png,6
RC04846/page_3/c87.png,6
RC04846/page_3/c100.png,3
RC04846/page_3/c53.png,24
RC04846/page_3/c56.png,24
RC04846/page_3/c43.png,17
RC04846/page_3/c47.png,13
RC04846/page_3/c31.png,13
RC04846/page_3/c105.png,14
RC04846/page_3/c106.png,13
RC04846/page_3/c67.png,22
RC04846/page_3/c104.png,15
RC04846/page_3/c34.png,35
RC04846/page_3/c117.png,20
RC04846/page_3/c101.png,9
RC04846/page_3/c72.png,26
RC04846/page_3/c82.png,11
RC04846/page_3/c46.png,29
RC04846/page_3/c69.png,5
RC04846/page_3/c40.png,15
RC04846/page_3/c94.png,11
RC04846/page_3/c48.png,8
RC04846/page_3/c89.png,9
RC04846/page_3/c76.png,28
RC04846/page_3/c112.png,19
RC04846/page_3/c96.png,23
RC04846/page_3/c78.png,16
RC04846/page_3/c54.png,13
RC04846/page_3/c113.png,15
RC04846/page_3/c88.png,23
RC04846/page_3/c81.png,15
RC04846/page_3/c57.png,9
RC04846/page_3/c80.png,32
RC04846/page_3/c119.png,14
RC04846/page_3/c58.png,27
RC04846/page_3/c118.png,15
RC04846/page_3/c52.png,46
RC04846/page_3/c39.png,34
RC04846/page_3/c92.png,14
RC04846/page_3/c41.png,16
RC04846/page_3/c29.png,14
RC04846/page_3/c60.png,11
RC04846/page_3/c63.png,33
RC04846/page_3/c42.png,29
RC04846/page_3/c77.png,29
RC04846/page_3/c90.png,15
RC04846/page_3/c107.png,8
RC04846/page_3/c75.png,19
RC04846/page_3/c122.png,19
RC04846/page_3/c115.png,19
RC04846/page_3/c120.png,3
RC04846/page_3/c33.png,33
RC04846/page_3/c68.png,18
RC04846/page_3/c98.png,10
RC04846/page_3/c116.png,12
RC04846/page_3/c103.png,10
RC04846/page_3/c86.png,12
RC04846/page_3/c73.png,7
RC04846/page_3/c99.png,10
RC04846/page_3/c93.png,21
RC04847/page_2/c54.png,20
RC04847/page_2/c68.png,19
RC04847/page_2/c85.png,34
RC04847/page_2/c46.png,5
RC04847/page_2/c71.png,4
RC04847/page_2/c29.png,6
RC04847/page_2/c47.png,9
RC04847/page_2/c77.png,6
RC04847/page_2/c61.png,6
RC04847/page_2/c52.png,20
RC04847/page_2/c82.png,25
RC04847/page_2/c39.png,18
RC04847/page_2/c74.png,6
RC04847/page_2/c40.png,8
RC04847/page_2/c94.png,9
RC04847/page_2/c32.png,4
RC04847/page_2/c31.png,4
RC04847/page_2/c13.png,9
RC04847/page_2/c18.png,3
RC04847/page_2/c63.png,1
RC04847/page_2/c7.png,26
RC04847/page_2/c11.png,21
RC04847/page_2/c20.png,33
RC04847/page_2/c44.png,2
RC04847/page_2/c60.png,18
RC04847/page_2/c86.png,11
RC04847/page_2/c5.png,32
RC04847/page_2/c17.png,8
RC04847/page_2/c78.png,8
RC04847/page_2/c90.png,2
RC04847/page_2/c53.png,12
RC04847/page_2/c84.png,33
RC04847/page_2/c27.png,6
RC04847/page_2/c51.png,22
RC04847/page_2/c28.png,2
RC04847/page_2/c69.png,5
RC04847/page_2/c33.png,30
RC04847/page_2/c80.png,23
RC04847/page_2/c12.png,12
RC04847/page_2/c24.png,17
RC04847/page_2/c38.png,16
RC04847/page_2/c96.png,42
RC04847/page_2/c10.png,18
RC04847/page_2/c79.png,7
RC04847/page_2/c36.png,18
RC04847/page_2/c22.png,7
RC04847/page_2/c3.png,19
RC04847/page_2/c59.png,8
RC04847/page_2/c35.png,27
RC04847/page_2/c23.png,31
RC04847/page_2/c50.png,43
RC04847/page_2/c14.png,11
RC04847/page_2/c43.png,12
RC04847/page_2/c49.png,25
RC04847/page_2/c93.png,8
RC04847/page_2/c75.png,4
RC04847/page_2/c95.png,13
RC04847/page_2/c48.png,3
RC04847/page_2/c72.png,3
RC04847/page_2/c89.png,3
RC04847/page_2/c4.png,34
RC04847/page_2/c58.png,10
RC04847/page_2/c57.png,16
RC04847/page_2/c16.png,14
RC04847/page_2/c70.png,33
RC04847/page_2/c19.png,16
RC04847/page_2/c8.png,23
RC04847/page_2/c26.png,11
RC04847/page_2/c34.png,31
RC04847/page_2/c42.png,13
RC04847/page_2/c91.png,2
RC04847/page_2/c67.png,17
RC04847/page_2/c9.png,15
RC04847/page_2/c15.png,13
RC04847/page_2/c62.png,7
RC04847/page_2/c55.png,20
RC04847/page_2/c83.png,28
RC04847/page_2/c21.png,17
RC04847/page_2/c76.png,7
RC04847/page_2/c45.png,5
RC04847/page_2/c6.png,15
RC04847/page_2/c88.png,7
RC04847/page_2/c41.png,16
RC04847/page_2/c56.png,6
RC04847/page_2/c65.png,27
RC04847/page_2/c81.png,50
RC04847/page_2/c30.png,5
RC04847/page_2/c64.png,31
RC04847/page_2/c37.png,26
RC04847/page_2/c87.png,1
RC04847/page_2/c73.png,7
RC04847/page_2/c25.png,13
RC04847/page_2/c66.png,31
RC04847/page_2/c92.png,13
RC04847/page_2/c197.png,31
RC04847/page_2/c204.png,7
RC04847/page_2/c206.png,8
RC04847/page_2/c114.png,28
RC04847/page_2/c144.png,2
RC04847/page_2/c191.png,3
RC04847/page_2/c246.png,3
RC04847/page_2/c143.png,6
RC04847/page_2/c116.png,20
RC04847/page_2/c223.png,36
RC04847/page_2/c101.png,8
RC04847/page_2/c141.png,14
RC04847/page_2/c216.png,8
RC04847/page_2/c219.png,3
RC04847/page_2/c237.png,6
RC04847/page_2/c153.png,14
RC04847/page_2/c248.png,6
RC04847/page_2/c177.png,27
RC04847/page_2/c174.png,7
RC04847/page_2/c238.png,5
RC04847/page_2/c126.png,8
RC04847/page_2/c229.png,5
RC04847/page_2/c132.png,34
RC04847/page_2/c139.png,24
RC04847/page_2/c140.png,9
RC04847/page_2/c213.png,16
RC04847/page_2/c109.png,12
RC04847/page_2/c220.png,11
RC04847/page_2/c157.png,9
RC04847/page_2/c212.png,9
RC04847/page_2/c210.png,32
RC04847/page_2/c244.png,8
RC04847/page_2/c147.png,20
RC04847/page_2/c112.png,8
RC04847/page_2/c133.png,19
RC04847/page_2/c105.png,12
RC04847/page_2/c192.png,31
RC04847/page_2/c200.png,11
RC04847/page_2/c113.png,12
RC04847/page_2/c194.png,29
RC04847/page_2/c128.png,4
RC04847/page_2/c107.png,10
RC04847/page_2/c179.png,29
RC04847/page_2/c127.png,8
RC04847/page_2/c176.png,4
RC04847/page_2/c122.png,6
RC04847/page_2/c119.png,19
RC04847/page_2/c167.png,17
RC04847/page_2/c202.png,4
RC04847/page_2/c134.png,32
RC04847/page_2/c251.png,10
RC04847/page_2/c185.png,29
RC04847/page_2/c123.png,5
RC04847/page_2/c209.png,44
RC04847/page_2/c188.png,20
RC04847/page_2/c186.png,42
RC04847/page_2/c110.png,9
RC04847/page_2/c195.png,25
RC04847/page_2/c227.png,12
RC04847/page_2/c228.png,41
RC04847/page_2/c156.png,21
RC04847/page_2/c108.png,3
RC04847/page_2/c208.png,17
RC04847/page_2/c151.png,20
RC04847/page_2/c150.png,34
RC04847/page_2/c178.png,49
RC04847/page_2/c199.png,3
RC04847/page_2/c160.png,0
RC04847/page_2/c221.png,5
RC04847/page_2/c182.png,24
RC04847/page_2/c155.png,4
RC04847/page_2/c135.png,19
RC04847/page_2/c252.png,5
RC04847/page_2/c137.png,18
RC04847/page_2/c106.png,2
RC04847/page_2/c172.png,14
RC04847/page_2/c100.png,43
RC04847/page_2/c190.png,18
RC04847/page_2/c241.png,15
RC04847/page_2/c104.png,5
RC04847/page_2/c163.png,23
RC04847/page_2/c97.png,24
RC04847/page_2/c117.png,18
RC04847/page_2/c181.png,41
RC04847/page_2/c103.png,9
RC04847/page_2/c148.png,39
RC04847/page_2/c235.png,3
RC04847/page_2/c222.png,5
RC04847/page_2/c125.png,15
RC04847/page_2/c201.png,14
RC04847/page_2/c205.png,7
RC04847/page_2/c236.png,8
RC04847/page_2/c98.png,27
RC04847/page_2/c230.png,12
RC04847/page_2/c234.png,9
RC04847/page_2/c162.png,18
RC04847/page_2/c193.png,23
RC04847/page_2/c131.png,22
RC04847/page_2/c239.png,33
RC04847/page_2/c158.png,8
RC04847/page_2/c184.png,31
RC04847/page_2/c111.png,9
RC04847/page_2/c218.png,16
RC04847/page_2/c198.png,23
RC04847/page_2/c173.png,23
RC04847/page_2/c247.png,12
RC04847/page_2/c253.png,6
RC04847/page_2/c203.png,3
RC04847/page_2/c175.png,4
RC04847/page_2/c183.png,16
RC04847/page_2/c166.png,15
RC04847/page_2/c138.png,9
RC04847/page_2/c102.png,12
RC04847/page_2/c217.png,8
RC04847/page_2/c242.png,22
RC04847/page_2/c249.png,2
RC04847/page_2/c130.png,25
RC04847/page_2/c196.png,34
RC04847/page_2/c170.png,8
RC04847/page_2/c250.png,8
RC04847/page_2/c245.png,7
RC04847/page_2/c129.png,7
RC04847/page_2/c146.png,44
RC04847/page_2/c215.png,7
RC04847/page_2/c231.png,10
RC04847/page_2/c145.png,27
RC04847/page_2/c243.png,7
RC04847/page_2/c232.png,3
RC04847/page_2/c187.png,26
RC04847/page_2/c149.png,29
RC04847/page_2/c142.png,5
RC04847/page_2/c152.png,19
RC04847/page_2/c207.png,7
RC04847/page_2/c224.png,19
RC04847/page_2/c121.png,16
RC04847/page_2/c115.png,24
RC04847/page_2/c164.png,21
RC04847/page_2/c124.png,13
RC04847/page_2/c99.png,18
RC04847/page_2/c240.png,18
RC04847/page_2/c169.png,23
RC04847/page_2/c233.png,10
RC04847/page_2/c161.png,24
RC04847/page_2/c171.png,9
RC04847/page_2/c136.png,29
RC04847/page_2/c154.png,10
RC04847/page_2/c120.png,22
RC04847/page_2/c211.png,22
RC04847/page_2/c118.png,21
RC04847/page_2/c159.png,9
RC04847/page_2/c165.png,20
RC04847/page_2/c214.png,9
RC04847/page_2/c180.png,33
RC04847/page_2/c168.png,17
RC04848/page_2/c25.png,6
RC04848/page_2/c77.png,6
RC04848/page_2/c149.png,19
RC04848/page_2/c152.png,11
RC04848/page_2/c64.png,9
RC04848/page_2/c91.png,13
RC04848/page_2/c177.png,20
RC04848/page_2/c182.png,7
RC04848/page_2/c92.png,15
RC04848/page_2/c171.png,5
RC04848/page_2/c130.png,22
RC04848/page_2/c57.png,12
RC04848/page_2/c167.png,15
RC04848/page_2/c184.png,14
RC04848/page_2/c35.png,9
RC04848/page_2/c69.png,15
RC04848/page_2/c101.png,27
RC04848/page_2/c36.png,16
RC04848/page_2/c42.png,20
RC04848/page_2/c63.png,6
RC04848/page_2/c134.png,6
RC04848/page_2/c139.png,17
RC04848/page_2/c108.png,12
RC04848/page_2/c34.png,6
RC04848/page_2/c165.png,16
RC04848/page_2/c148.png,5
RC04848/page_2/c111.png,12
RC04848/page_2/c128.png,23
RC04848/page_2/c81.png,13
RC04848/page_2/c94.png,16
RC04848/page_2/c86.png,11
RC04848/page_2/c120.png,8
RC04848/page_2/c117.png,11
RC04848/page_2/c56.png,8
RC04848/page_2/c174.png,8
RC04848/page_2/c33.png,16
RC04848/page_2/c89.png,13
RC04848/page_2/c73.png,25
RC04848/page_2/c158.png,8
RC04848/page_2/c150.png,16
RC04848/page_2/c60.png,16
RC04848/page_2/c71.png,24
RC04848/page_2/c98.png,17
RC04848/page_2/c164.png,10
RC04848/page_2/c112.png,8
RC04848/page_2/c100.png,5
RC04848/page_2/c83.png,32
RC04848/page_2/c121.png,10
RC04848/page_2/c154.png,23
RC04848/page_2/c68.png,6
RC04848/page_2/c23.png,5
RC04848/page_2/c106.png,14
RC04848/page_2/c52.png,8
RC04848/page_2/c22.png,6
RC04848/page_2/c44.png,10
RC04848/page_2/c105.png,15
RC04848/page_2/c70.png,11
RC04848/page_2/c179.png,15
RC04848/page_2/c118.png,11
RC04848/page_2/c59.png,6
RC04848/page_2/c136.png,16
RC04848/page_2/c113.png,8
RC04848/page_2/c103.png,25
RC04848/page_2/c48.png,18
RC04848/page_2/c78.png,7
RC04848/page_2/c61.png,19
RC04848/page_2/c43.png,8
RC04848/page_2/c39.png,17
RC04848/page_2/c104.png,9
RC04848/page_2/c74.png,23
RC04848/page_2/c170.png,10
RC04848/page_2/c102.png,18
RC04848/page_2/c38.png,27
RC04848/page_2/c65.png,22
RC04848/page_2/c26.png,7
RC04848/page_2/c153.png,4
RC04848/page_2/c55.png,6
RC04848/page_2/c178.png,10
RC04848/page_2/c125.png,11
RC04848/page_2/c40.png,8
RC04848/page_2/c140.png,2
RC04848/page_2/c93.png,4
RC04848/page_2/c135.png,12
RC04848/page_2/c99.png,8
RC04848/page_2/c181.png,16
RC04848/page_2/c116.png,15
RC04848/page_2/c284.png,36
RC04848/page_2/c264.png,18
RC04848/page_2/c270.png,14
RC04848/page_2/c214.png,12
RC04848/page_2/c299.png,12
RC04848/page_2/c255.png,10
RC04848/page_2/c266.png,25
RC04848/page_2/c190.png,7
RC04848/page_2/c241.png,17
RC04848/page_2/c275.png,21
RC04848/page_2/c243.png,19
RC04848/page_2/c209.png,28
RC04848/page_2/c335.png,7
RC04848/page_2/c276.png,14
RC04848/page_2/c258.png,7
RC04848/page_2/c218.png,11
RC04848/page_2/c303.png,2
RC04848/page_2/c329.png,18
RC04848/page_2/c310.png,12
RC04848/page_2/c227.png,14
RC04848/page_2/c201.png,7
RC04848/page_2/c221.png,3
RC04848/page_2/c308.png,19
RC04848/page_2/c267.png,6
RC04848/page_2/c238.png,7
RC04848/page_2/c280.png,10
RC04848/page_2/c217.png,11
RC04848/page_2/c286.png,8
RC04848/page_2/c316.png,9
RC04848/page_2/c237.png,9
RC04848/page_2/c273.png,13
RC04848/page_2/c294.png,12
RC04848/page_2/c333.png,4
RC04848/page_2/c282.png,20
RC04848/page_2/c193.png,14
RC04848/page_2/c313.png,23
RC04848/page_2/c290.png,9
RC04848/page_2/c321.png,7
RC04848/page_2/c236.png,9
RC04848/page_2/c235.png,11
RC04848/page_2/c326.png,8
RC04848/page_2/c301.png,27
RC04848/page_2/c319.png,10
RC04848/page_2/c186.png,7
RC04848/page_2/c231.png,19
RC04848/page_2/c222.png,8
RC04848/page_2/c281.png,16
RC04848/page_2/c337.png,9
RC04848/page_2/c265.png,8
RC04848/page_2/c293.png,38
RC04848/page_2/c334.png,6
RC04848/page_2/c304.png,27
RC04848/page_2/c194.png,21
RC04848/page_2/c203.png,9
RC04848/page_2/c240.png,9
RC04848/page_2/c248.png,11
RC04848/page_2/c250.png,5
RC04848/page_2/c208.png,15
RC04848/page_2/c232.png,14
RC04848/page_2/c199.png,18
RC04848/page_2/c189.png,9
RC04848/page_2/c295.png,8
RC04848/page_2/c226.png,8
RC04848/page_2/c322.png,15
RC04848/page_2/c253.png,18
RC04848/page_2/c187.png,5
RC04848/page_2/c200.png,7
RC04848/page_2/c206.png,7
RC04848/page_2/c336.png,26
RC04848/page_2/c298.png,14
RC04848/page_2/c330.png,9
RC04848/page_2/c325.png,5
RC04848/page_2/c188.png,14
RC04848/page_2/c216.png,30
RC04848/page_2/c268.png,10
RC04848/page_2/c278.png,18
RC04848/page_2/c309.png,6
RC04848/page_2/c314.png,14
RC04848/page_2/c197.png,13
RC04848/page_2/c234.png,12
RC04848/page_2/c306.png,5
RC04848/page_2/c220.png,20
RC04848/page_2/c212.png,16
RC04848/page_2/c225.png,11
RC04848/page_2/c260.png,22
RC04848/page_2/c332.png,18
RC04848/page_2/c287.png,6
RC04848/page_2/c285.png,4
RC04848/page_2/c246.png,11
RC04848/page_2/c261.png,8
RC04848/page_2/c263.png,16
RC04848/page_2/c317.png,15
RC04848/page_2/c198.png,10
RC04848/page_2/c305.png,14
RC04848/page_2/c202.png,14
RC04848/page_2/c327.png,9
RC04848/page_2/c302.png,5
RC04848/page_2/c315.png,10
RC04848/page_2/c272.png,4
RC04849/page_1/c8.png,20
RC04849/page_1/c3.png,19
RC04849/page_1/c7.png,17
RC04849/page_1/c5.png,18
RC04849/page_1/c4.png,14
RC04849/page_1/c2.png,19
RC04849/page_1/c9.png,9
RC04849/page_1/c10.png,12
RC04849/page_1/c1.png,23
RC04849/page_1/c98.png,38
RC04849/page_1/c124.png,15
RC04849/page_1/c62.png,9
RC04849/page_1/c133.png,22
RC04849/page_1/c34.png,30
RC04849/page_1/c101.png,20
RC04849/page_1/c119.png,16
RC04849/page_1/c126.png,29
RC04849/page_1/c109.png,22
RC04849/page_1/c71.png,22
RC04849/page_1/c13.png,32
RC04849/page_1/c58.png,8
RC04849/page_1/c80.png,18
RC04849/page_1/c104.png,24
RC04849/page_1/c79.png,29
RC04849/page_1/c130.png,13
RC04849/page_1/c20.png,47
RC04849/page_1/c72.png,11
RC04849/page_1/c132.png,21
RC04849/page_1/c116.png,14
RC04849/page_1/c131.png,47
RC04849/page_1/c50.png,24
RC04849/page_1/c40.png,19
RC04849/page_1/c33.png,18
RC04849/page_1/c65.png,12
RC04849/page_1/c36.png,26
RC04849/page_1/c91.png,11
RC04849/page_1/c113.png,8
RC04849/page_1/c118.png,40
RC04849/page_1/c97.png,22
RC04849/page_1/c21.png,29
RC04849/page_1/c45.png,25
RC04849/page_1/c105.png,12
RC04849/page_1/c27.png,24
RC04849/page_1/c70.png,19
RC04849/page_1/c52.png,9
RC04849/page_1/c123.png,10
RC04849/page_1/c85.png,6
RC04849/page_1/c59.png,15
RC04849/page_1/c35.png,15
RC04849/page_1/c90.png,13
RC04849/page_1/c11.png,7
RC04849/page_1/c16.png,31
RC04849/page_1/c120.png,9
RC04849/page_1/c29.png,7
RC04849/page_1/c110.png,10
RC04849/page_1/c31.png,17
RC04849/page_1/c63.png,24
RC04849/page_1/c128.png,17
RC04849/page_1/c73.png,4
RC04849/page_1/c54.png,13
RC04849/page_1/c23.png,27
RC04849/page_1/c32.png,12
RC04849/page_1/c108.png,9
RC04849/page_1/c83.png,11
RC04849/page_1/c42.png,12
RC04849/page_1/c37.png,36
RC04849/page_1/c47.png,18
RC04849/page_1/c26.png,13
RC04849/page_1/c60.png,19
RC04849/page_1/c19.png,30
RC04849/page_1/c122.png,31
RC04849/page_1/c93.png,16
RC04849/page_1/c78.png,21
RC04849/page_1/c38.png,24
RC04849/page_1/c15.png,18
RC04849/page_1/c106.png,42
RC04849/page_1/c17.png,17
RC04849/page_1/c99.png,6
RC04849/page_1/c46.png,12
RC04849/page_1/c18.png,9
RC04849/page_1/c121.png,15
RC04849/page_1/c125.png,27
RC04849/page_1/c127.png,7
RC04849/page_1/c112.png,14
RC04849/page_1/c82.png,18
RC04849/page_1/c111.png,19
RC04849/page_1/c95.png,17
RC04849/page_1/c55.png,24
RC04849/page_1/c66.png,12
RC04849/page_1/c48.png,11
RC04849/page_1/c22.png,17
RC04849/page_1/c102.png,11
RC04849/page_1/c41.png,13
RC04849/page_1/c39.png,16
RC04849/page_1/c76.png,10
RC04849/page_1/c107.png,21
RC04849/page_1/c103.png,11
RC04849/page_1/c24.png,21
RC04849/page_1/c25.png,9
RC04849/page_1/c64.png,8
RC04849/page_1/c30.png,17
RC04849/page_1/c81.png,20
RC04849/page_1/c75.png,5
RC04849/page_1/c43.png,34
RC04849/page_1/c12.png,43
RC04849/page_1/c67.png,21
RC04849/page_1/c68.png,17
RC04849/page_1/c115.png,27
RC04849/page_1/c129.png,12
RC04849/page_1/c28.png,14
RC04849/page_1/c92.png,7
RC04849/page_1/c94.png,25
RC04849/page_1/c114.png,28
RC04849/page_1/c100.png,32
RC04849/page_1/c51.png,30
RC04849/page_1/c14.png,16
RC04849/page_1/c57.png,14
RC04849/page_1/c49.png,28
RC04849/page_1/c117.png,32
RC04849/page_1/c135.png,34
RC04849/page_1/c143.png,32
RC04849/page_1/c145.png,16
RC04849/page_1/c140.png,31
RC04849/page_1/c144.png,19
RC04849/page_1/c134.png,14
RC04849/page_1/c141.png,10
RC04849/page_1/c137.png,24
RC04849/page_1/c138.png,9
RC04849/page_1/c142.png,24
RC04849/page_1/c136.png,18
RC04850/page_1/c9.png,10
RC04850/page_1/c13.png,9
RC04850/page_1/c69.png,15
RC04850/page_1/c85.png,40
RC04850/page_1/c120.png,10
RC04850/page_1/c79.png,6
RC04850/page_1/c80.png,4
RC04850/page_1/c29.png,6
RC04850/page_1/c18.png,3
RC04850/page_1/c43.png,4
RC04850/page_1/c104.png,7
RC04850/page_1/c53.png,14
RC04850/page_1/c59.png,6
RC04850/page_1/c145.png,15
RC04850/page_1/c25.png,1
RC04850/page_1/c31.png,13
RC04850/page_1/c105.png,9
RC04850/page_1/c72.png,6
RC04850/page_1/c102.png,8
RC04850/page_1/c123.png,8
RC04850/page_1/c87.png,6
RC04850/page_1/c129.png,8
RC04850/page_1/c75.png,11
RC04850/page_1/c144.png,6
RC04850/page_1/c46.png,6
RC04850/page_1/c24.png,5
RC04850/page_1/c130.png,9
RC04850/page_1/c61.png,2
RC04850/page_1/c39.png,4
RC04850/page_1/c98.png,4
RC04850/page_1/c30.png,4
RC04850/page_1/c17.png,7
RC04850/page_1/c100.png,2
RC04850/page_1/c97.png,22
RC04850/page_1/c108.png,4
RC04850/page_1/c37.png,11
RC04850/page_1/c113.png,19
RC04850/page_1/c138.png,4
RC04850/page_1/c103.png,25
RC04850/page_1/c92.png,14
RC04850/page_1/c137.png,9
RC04850/page_1/c94.png,6
RC04850/page_1/c42.png,6
RC04850/page_1/c125.png,5
RC04850/page_1/c40.png,5
RC04851/page_1/c172.png,47
RC04851/page_1/c18.png,32
RC04851/page_1/c177.png,18
RC04851/page_1/c67.png,22
RC04851/page_1/c76.png,18
RC04851/page_1/c43.png,8
RC04851/page_1/c161.png,11
RC04851/page_1/c190.png,12
RC04851/page_1/c165.png,8
RC04851/page_1/c35.png,34
RC04851/page_1/c74.png,15
RC04851/page_1/c132.png,26
RC04851/page_1/c13.png,8
RC04851/page_1/c170.png,17
RC04851/page_1/c129.png,12
RC04851/page_1/c23.png,23
RC04851/page_1/c182.png,21
RC04851/page_1/c64.png,23
RC04851/page_1/c156.png,26
RC04851/page_1/c27.png,12
RC04851/page_1/c4.png,13
RC04851/page_1/c176.png,9
RC04851/page_1/c130.png,35
RC04851/page_1/c101.png,6
RC04851/page_1/c154.png,34
RC04851/page_1/c40.png,1
RC04851/page_1/c103.png,16
RC04851/page_1/c22.png,6
RC04851/page_1/c44.png,9
RC04851/page_1/c186.png,26
RC04851/page_1/c66.png,33
RC04851/page_1/c9.png,7
RC04851/page_1/c180.png,11
RC04851/page_1/c48.png,8
RC04851/page_1/c2.png,20
RC04851/page_1/c81.png,21
RC04851/page_1/c72.png,8
RC04851/page_1/c181.png,9
RC04851/page_1/c139.png,4
RC04851/page_1/c15.png,5
RC04851/page_1/c86.png,5
RC04851/page_1/c118.png,14
RC04851/page_1/c126.png,20
RC04851/page_1/c12.png,2
RC04851/page_1/c147.png,43
RC04851/page_1/c31.png,25
RC04851/page_1/c80.png,14
RC04851/page_1/c171.png,14
RC04851/page_1/c59.png,17
RC04851/page_1/c159.png,11
RC04851/page_1/c51.png,29
RC04851/page_1/c100.png,18
RC04851/page_1/c60.png,35
RC04851/page_1/c65.png,26
RC04851/page_1/c10.png,2
RC04851/page_1/c39.png,18
RC04851/page_1/c148.png,7
RC04851/page_1/c102.png,2
RC04851/page_1/c120.png,9
RC04851/page_1/c14.png,2
RC04851/page_1/c125.png,26
RC04851/page_1/c33.png,24
RC04851/page_1/c19.png,32
RC04851/page_1/c7.png,33
RC04851/page_1/c89.png,6
RC04851/page_1/c119.png,31
RC04851/page_1/c144.png,37
RC04851/page_1/c153.png,8
RC04851/page_1/c160.png,6
RC04851/page_1/c57.png,4
RC04851/page_1/c169.png,21
RC04851/page_1/c30.png,11
RC04851/page_1/c167.png,7
RC04851/page_1/c96.png,31
RC04851/page_1/c145.png,28
RC04851/page_1/c49.png,22
RC04851/page_1/c178.png,11
RC04851/page_1/c84.png,1
RC04851/page_1/c136.png,17
RC04851/page_1/c34.png,15
RC04851/page_1/c115.png,25
RC04851/page_1/c71.png,16
RC04851/page_1/c26.png,14
RC04851/page_1/c175.png,36
RC04851/page_1/c75.png,14
RC04851/page_1/c131.png,49
RC04851/page_1/c11.png,11
RC04851/page_1/c6.png,24
RC04851/page_1/c36.png,7
RC04851/page_1/c121.png,4
RC04851/page_1/c83.png,24
RC04851/page_1/c94.png,58
RC04851/page_1/c146.png,13
RC04851/page_1/c68.png,25
RC04851/page_1/c109.png,31
RC04851/page_1/c152.png,7
RC04851/page_1/c20.png,21
RC04851/page_1/c99.png,15
RC04851/page_1/c8.png,12
RC04851/page_1/c61.png,22
RC04851/page_1/c149.png,8
RC04851/page_1/c133.png,10
RC04851/page_1/c158.png,16
RC04851/page_1/c82.png,19
RC04851/page_1/c98.png,27
RC04851/page_1/c16.png,31
RC04851/page_1/c135.png,9
RC04851/page_1/c29.png,15
RC04851/page_1/c21.png,18
RC04851/page_1/c185.png,36
RC04851/page_1/c123.png,8
RC04851/page_1/c42.png,2
RC04851/page_1/c183.png,24
RC04851/page_1/c117.png,2
RC04851/page_1/c116.png,15
RC04851/page_1/c91.png,5
RC04851/page_1/c114.png,16
RC04851/page_1/c52.png,25
RC04851/page_1/c184.png,25
RC04851/page_1/c41.png,29
RC04851/page_1/c143.png,27
RC04851/page_1/c37.png,8
RC04851/page_1/c53.png,10
RC04851/page_1/c56.png,7
RC04851/page_1/c78.png,27
RC04851/page_1/c179.png,5
RC04851/page_1/c112.png,23
RC04851/page_1/c24.png,4
RC04851/page_1/c25.png,19
RC04851/page_1/c63.png,23
RC04851/page_1/c62.png,24
RC04851/page_1/c95.png,12
RC04851/page_1/c110.png,35
RC04851/page_1/c187.png,30
RC04851/page_1/c191.png,1
RC04851/page_1/c192.png,5
RC04851/page_1/c73.png,7
RC04851/page_1/c88.png,5
RC04851/page_1/c47.png,33
RC04851/page_1/c5.png,13
RC04851/page_1/c50.png,33
RC04851/page_1/c140.png,6
RC04851/page_1/c168.png,5
RC04851/page_1/c92.png,11
RC04851/page_1/c105.png,7
RC04851/page_1/c162.png,8
RC04851/page_1/c122.png,7
RC04851/page_1/c54.png,6
RC04851/page_1/c104.png,3
RC04851/page_1/c189.png,19
RC04851/page_1/c70.png,17
RC04851/page_1/c69.png,0
RC04851/page_1/c77.png,19
RC04851/page_1/c108.png,8
RC04851/page_1/c87.png,16
RC04851/page_1/c124.png,19
RC04851/page_1/c137.png,3
RC04851/page_1/c113.png,20
RC04851/page_1/c164.png,25
RC04851/page_1/c150.png,7
RC04851/page_1/c58.png,7
RC04851/page_1/c38.png,9
RC04851/page_1/c141.png,21
RC04851/page_1/c46.png,39
RC04851/page_1/c134.png,19
RC04851/page_1/c163.png,22
RC04851/page_1/c173.png,5
RC04851/page_1/c90.png,4
RC04851/page_1/c55.png,6
RC04851/page_1/c155.png,35
RC04851/page_1/c127.png,24
RC04851/page_1/c157.png,41
RC04851/page_1/c97.png,19
RC04851/page_1/c166.png,13
RC04851/page_1/c79.png,26
RC04851/page_1/c174.png,37
RC04851/page_1/c45.png,11
RC04851/page_1/c85.png,9
RC04851/page_1/c28.png,4
RC04851/page_1/c188.png,16
RC04851/page_1/c107.png,6
RC04851/page_1/c106.png,7
RC04851/page_1/c32.png,29
RC04851/page_1/c142.png,1
RC04851/page_1/c151.png,2
RC04851/page_1/c3.png,25
RC04852/page_1/c60.png,3
RC04852/page_1/c176.png,3
RC04852/page_1/c302.png,21
RC04852/page_1/c293.png,4
RC04852/page_1/c24.png,5
RC04852/page_1/c46.png,8
RC04852/page_1/c143.png,19
RC04852/page_1/c65.png,5
RC04852/page_1/c93.png,7
RC04852/page_1/c61.png,4
RC04852/page_1/c203.png,4
RC04852/page_1/c263.png,6
RC04852/page_1/c273.png,5
RC04852/page_1/c218.png,3
RC04852/page_1/c82.png,5
RC04852/page_1/c312.png,8
RC04852/page_1/c71.png,5
RC04852/page_1/c151.png,7
RC04852/page_1/c29.png,7
RC04852/page_1/c68.png,8
RC04852/page_1/c178.png,1
RC04852/page_1/c288.png,6
RC04852/page_1/c53.png,5
RC04852/page_1/c305.png,5
RC04852/page_1/c55.png,0
RC04852/page_1/c182.png,5
RC04852/page_1/c161.png,27
RC04852/page_1/c303.png,5
RC04852/page_1/c259.png,2
RC04852/page_1/c333.png,1
RC04852/page_1/c325.png,11
RC04852/page_1/c13.png,2
RC04852/page_1/c327.png,5
RC04852/page_1/c239.png,7
RC04852/page_1/c105.png,8
RC04852/page_1/c316.png,12
RC04852/page_1/c199.png,4
RC04852/page_1/c167.png,14
RC04852/page_1/c172.png,15
RC04852/page_1/c56.png,6
RC04852/page_1/c240.png,8
RC04852/page_1/c332.png,2
RC04852/page_1/c250.png,1
RC04852/page_1/c154.png,1
RC04852/page_1/c183.png,8
RC04852/page_1/c130.png,4
RC04852/page_1/c274.png,7
RC04852/page_1/c212.png,7
RC04852/page_1/c323.png,4
RC04852/page_1/c12.png,8
RC04852/page_1/c9.png,3
RC04852/page_1/c286.png,7
RC04852/page_1/c10.png,23
RC04852/page_1/c208.png,7
RC04852/page_1/c14.png,3
RC04852/page_1/c157.png,7
RC04852/page_1/c7.png,8
RC04852/page_1/c96.png,9
RC04852/page_1/c189.png,6
RC04852/page_1/c30.png,10
RC04852/page_1/c127.png,2
RC04852/page_1/c91.png,3
RC04852/page_1/c123.png,7
RC04852/page_1/c5.png,31
RC04852/page_1/c52.png,13
RC04852/page_1/c237.png,4
RC04852/page_1/c207.png,5
RC04852/page_1/c42.png,2
RC04852/page_1/c311.png,3
RC04852/page_1/c152.png,23
RC04852/page_1/c136.png,7
RC04852/page_1/c115.png,11
RC04852/page_1/c98.png,5
RC04852/page_1/c126.png,5
RC04852/page_1/c32.png,8
RC04852/page_1/c264.png,2
RC04852/page_1/c217.png,3
RC04852/page_1/c257.png,4
RC04852/page_1/c231.png,14
RC04852/page_1/c66.png,9
RC04852/page_1/c137.png,1
RC04852/page_1/c164.png,7
RC04852/page_1/c269.png,3
RC04852/page_1/c85.png,12
RC04852/page_1/c328.png,4
RC04852/page_1/c308.png,4
RC04852/page_1/c188.png,3
RC04852/page_1/c267.png,5
RC04852/page_1/c185.png,19
RC04852/page_1/c125.png,6
RC04852/page_1/c291.png,21
RC04852/page_1/c27.png,14
RC04852/page_1/c121.png,8
RC04852/page_1/c106.png,1
RC04852/page_1/c275.png,8
RC04852/page_1/c272.png,14
RC04852/page_1/c6.png,3
RC04852/page_1/c163.png,3
RC04852/page_1/c232.png,4
RC04852/page_1/c282.png,9
RC04852/page_1/c81.png,3
RC04852/page_1/c97.png,32
RC04852/page_1/c95.png,5
RC04852/page_1/c181.png,6
RC04852/page_1/c148.png,6
RC04852/page_1/c138.png,0
RC04852/page_1/c23.png,12
RC04852/page_1/c315.png,10
RC04852/page_1/c90.png,11
RC04852/page_1/c192.png,9
RC04852/page_1/c94.png,11
RC04852/page_1/c8.png,10
RC04852/page_1/c88.png,3
RC04852/page_1/c179.png,3
RC04852/page_1/c292.png,2
RC04852/page_1/c321.png,12
RC04852/page_1/c33.png,4
RC04852/page_1/c99.png,3
RC04852/page_1/c34.png,7
RC04852/page_1/c254.png,11
RC04852/page_1/c290.png,4
RC04852/page_1/c80.png,30
RC04852/page_1/c246.png,4
RC04852/page_1/c119.png,25
RC04852/page_1/c195.png,6
RC04852/page_1/c101.png,12
RC04852/page_1/c256.png,5
RC04852/page_1/c252.png,28
RC04852/page_1/c204.png,11
RC04852/page_1/c89.png,2
RC04852/page_1/c147.png,11
RC04852/page_1/c236.png,2
RC04852/page_1/c300.png,8
RC04852/page_1/c77.png,15
RC04852/page_1/c54.png,4
RC04852/page_1/c78.png,5
RC04852/page_1/c206.png,20
RC04852/page_1/c74.png,29
RC04852/page_1/c313.png,5
RC04852/page_1/c165.png,16
RC04852/page_1/c118.png,10
RC04852/page_1/c50.png,7
RC04852/page_1/c224.png,3
RC04852/page_1/c139.png,1
RC04852/page_1/c16.png,6
RC04852/page_1/c112.png,9
RC04852/page_1/c214.png,7
RC04852/page_1/c47.png,1
RC04852/page_1/c51.png,13
RC04852/page_1/c230.png,3
RC04852/page_1/c62.png,4
RC04852/page_1/c223.png,3
RC04852/page_1/c331.png,8
RC04852/page_1/c233.png,5
RC04852/page_1/c170.png,23
RC04852/page_1/c19.png,4
RC04852/page_1/c260.png,6
RC04852/page_1/c253.png,6
RC04852/page_1/c241.png,11
RC04852/page_1/c169.png,3
RC04852/page_1/c225.png,9
RC04852/page_1/c220.png,27
RC04852/page_1/c166.png,12
RC04852/page_1/c171.png,2
RC04853/page_2/c135.png,14
RC04853/page_2/c15.png,18
RC04853/page_2/c157.png,2
RC04853/page_2/c90.png,6
RC04853/page_2/c180.png,35
RC04853/page_2/c47.png,39
RC04853/page_2/c62.png,28
RC04853/page_2/c186.png,18
RC04853/page_2/c192.png,7
RC04853/page_2/c154.png,18
RC04853/page_2/c148.png,43
RC04853/page_2/c149.png,38
RC04853/page_2/c68.png,8
RC04853/page_2/c77.png,25
RC04853/page_2/c42.png,19
RC04853/page_2/c125.png,4
RC04853/page_2/c54.png,28
RC04853/page_2/c190.png,2
RC04853/page_2/c155.png,16
RC04853/page_2/c177.png,10
RC04853/page_2/c166.png,28
RC04853/page_2/c81.png,21
RC04853/page_2/c130.png,26
RC04853/page_2/c167.png,31
RC04853/page_2/c153.png,20
RC04853/page_2/c31.png,4
RC04853/page_2/c93.png,40
RC04853/page_2/c127.png,30
RC04853/page_2/c61.png,19
RC04853/page_2/c83.png,11
RC04853/page_2/c52.png,28
RC04853/page_2/c176.png,6
RC04853/page_2/c115.png,43
RC04853/page_2/c194.png,6
RC04853/page_2/c103.png,23
RC04853/page_2/c137.png,42
RC04853/page_2/c120.png,8
RC04853/page_2/c4.png,30
RC04853/page_2/c6.png,24
RC04853/page_2/c131.png,26
RC04853/page_2/c172.png,14
RC04853/page_2/c138.png,7
RC04853/page_2/c160.png,7
RC04853/page_2/c89.png,9
RC04853/page_2/c51.png,4
RC04853/page_2/c76.png,18
RC04853/page_2/c187.png,28
RC04853/page_2/c121.png,8
RC04853/page_2/c28.png,4
RC04853/page_2/c182.png,33
RC04853/page_2/c170.png,36
RC04853/page_2/c181.png,39
RC04853/page_2/c56.png,32
RC04853/page_2/c106.png,4
RC04853/page_2/c24.png,25
RC04853/page_2/c140.png,5
RC04853/page_2/c3.png,26
RC04853/page_2/c133.png,10
RC04853/page_2/c85.png,6
RC04853/page_2/c63.png,8
RC04853/page_2/c55.png,27
RC04853/page_2/c184.png,45
RC04853/page_2/c7.png,31
RC04853/page_2/c60.png,32
RC04853/page_2/c169.png,45
RC04853/page_2/c191.png,2
RC04853/page_2/c163.png,32
RC04853/page_2/c39.png,23
RC04853/page_2/c165.png,11
RC04853/page_2/c78.png,20
RC04853/page_2/c82.png,8
RC04853/page_2/c185.png,17
RC04853/page_2/c5.png,28
RC04853/page_2/c104.png,10
RC04853/page_2/c175.png,5
RC04853/page_2/c158.png,9
RC04853/page_2/c38.png,27
RC04853/page_2/c34.png,27
RC04853/page_2/c8.png,21
RC04853/page_2/c44.png,22
RC04853/page_2/c71.png,7
RC04853/page_2/c41.png,29
RC04853/page_2/c35.png,5
RC04853/page_2/c53.png,10
RC04853/page_2/c151.png,40
RC04853/page_2/c129.png,33
RC04853/page_2/c65.png,27
RC04853/page_2/c66.png,25
RC04853/page_2/c10.png,26
RC04853/page_2/c124.png,11
RC04853/page_2/c21.png,32
RC04853/page_2/c25.png,13
RC04853/page_2/c46.png,43
RC04853/page_2/c43.png,25
RC04853/page_2/c193.png,3
RC04853/page_2/c79.png,31
RC04853/page_2/c128.png,16
RC04853/page_2/c64.png,8
RC04853/page_2/c147.png,26
RC04853/page_2/c168.png,36
RC04853/page_2/c107.png,5
RC04853/page_2/c96.png,18
RC04853/page_2/c109.png,14
RC04853/page_2/c9.png,12
RC04853/page_2/c164.png,23
RC04853/page_2/c159.png,7
RC04853/page_2/c162.png,38
RC04853/page_2/c29.png,12
RC04853/page_2/c37.png,2
RC04853/page_2/c161.png,4
RC04853/page_2/c112.png,23
RC04853/page_2/c27.png,11
RC04853/page_2/c73.png,23
RC04853/page_2/c22.png,18
RC04853/page_2/c189.png,24
RC04853/page_2/c50.png,21
RC04853/page_2/c114.png,28
RC04853/page_2/c87.png,7
RC04853/page_2/c16.png,5
RC04853/page_2/c126.png,37
RC04853/page_2/c14.png,3
RC04853/page_2/c40.png,24
RC04853/page_2/c116.png,36
RC04853/page_2/c20.png,6
RC04853/page_2/c183.png,8
RC04853/page_2/c150.png,25
RC04853/page_2/c188.png,6
RC04853/page_2/c94.png,32
RC04853/page_2/c88.png,7
RC04853/page_2/c19.png,6
RC04853/page_2/c99.png,30
RC04853/page_2/c26.png,19
RC04853/page_2/c117.png,19
RC04853/page_2/c119.png,28
RC04853/page_2/c95.png,42
RC04853/page_2/c136.png,22
RC04853/page_2/c36.png,3
RC04853/page_2/c152.png,13
RC04853/page_2/c179.png,6
RC04853/page_2/c171.png,17
RC04853/page_2/c111.png,20
RC04853/page_2/c72.png,5
RC04853/page_2/c67.png,32
RC04853/page_2/c13.png,6
RC04853/page_2/c143.png,5
RC04853/page_2/c173.png,10
RC04853/page_2/c59.png,10
RC04853/page_2/c80.png,11
RC04853/page_2/c33.png,10
RC04853/page_2/c70.png,7
RC04853/page_2/c86.png,8
RC04853/page_2/c30.png,4
RC04853/page_2/c122.png,1
RC04853/page_2/c145.png,39
RC04853/page_2/c118.png,16
RC04853/page_2/c48.png,12
RC04853/page_2/c84.png,14
RC04853/page_2/c49.png,11
RC04853/page_2/c142.png,7
RC04853/page_2/c91.png,55
RC04853/page_2/c146.png,25
RC04853/page_2/c139.png,10
RC04853/page_2/c98.png,14
RC04853/page_2/c32.png,1
RC04853/page_2/c58.png,26
RC04853/page_2/c57.png,20
RC04853/page_2/c75.png,22
RC04853/page_2/c132.png,23
RC04853/page_2/c18.png,10
RC04853/page_2/c97.png,29
RC04853/page_2/c156.png,21
RC04853/page_2/c45.png,18
RC04853/page_2/c12.png,23
RC04853/page_2/c105.png,28
RC04853/page_2/c144.png,33
RC04853/page_2/c69.png,26
RC04853/page_2/c113.png,44
RC04853/page_2/c23.png,12
RC04853/page_2/c101.png,20
RC04853/page_2/c123.png,4
RC04853/page_2/c134.png,28
RC04853/page_2/c108.png,16
RC04853/page_2/c178.png,1
RC04853/page_2/c102.png,1
RC04853/page_2/c141.png,7
RC04853/page_2/c110.png,25
RC04853/page_2/c74.png,24
RC04853/page_2/c92.png,27
RC04853/page_2/c174.png,5
RC04853/page_2/c11.png,21
RC04853/page_2/c100.png,12
RC04853/page_2/c221.png,7
RC04853/page_2/c196.png,19
RC04853/page_2/c245.png,29
RC04853/page_2/c275.png,8
RC04853/page_2/c273.png,12
RC04853/page_2/c202.png,27
RC04853/page_2/c212.png,21
RC04853/page_2/c310.png,11
RC04853/page_2/c226.png,4
RC04853/page_2/c299.png,16
RC04853/page_2/c257.png,6
RC04853/page_2/c288.png,6
RC04853/page_2/c255.png,31
RC04853/page_2/c264.png,27
RC04853/page_2/c253.png,8
RC04853/page_2/c272.png,35
RC04853/page_2/c303.png,19
RC04853/page_2/c233.png,24
RC04853/page_2/c281.png,26
RC04853/page_2/c278.png,7
RC04853/page_2/c268.png,22
RC04853/page_2/c308.png,4
RC04853/page_2/c232.png,27
RC04853/page_2/c291.png,11
RC04853/page_2/c263.png,25
RC04853/page_2/c312.png,9
RC04853/page_2/c227.png,11
RC04853/page_2/c211.png,24
RC04853/page_2/c290.png,8
RC04853/page_2/c195.png,6
RC04853/page_2/c241.png,4
RC04853/page_2/c218.png,17
RC04853/page_2/c198.png,36
RC04853/page_2/c214.png,14
RC04853/page_2/c306.png,17
RC04853/page_2/c248.png,33
RC04853/page_2/c304.png,23
RC04853/page_2/c262.png,7
RC04853/page_2/c200.png,29
RC04853/page_2/c292.png,8
RC04853/page_2/c249.png,33
RC04853/page_2/c247.png,22
RC04853/page_2/c286.png,36
RC04853/page_2/c276.png,18
RC04853/page_2/c213.png,28
RC04853/page_2/c223.png,10
RC04853/page_2/c280.png,22
RC04853/page_2/c252.png,16
RC04853/page_2/c243.png,5
RC04853/page_2/c217.png,15
RC04853/page_2/c296.png,10
RC04853/page_2/c305.png,33
RC04853/page_2/c225.png,6
RC04853/page_2/c267.png,37
RC04853/page_2/c279.png,4
RC04853/page_2/c206.png,13
RC04853/page_2/c289.png,44
RC04853/page_2/c235.png,12
RC04853/page_2/c271.png,31
RC04853/page_2/c297.png,3
RC04853/page_2/c238.png,10
RC04853/page_2/c254.png,35
RC04853/page_2/c256.png,9
RC04853/page_2/c274.png,0
RC04853/page_2/c236.png,9
RC04853/page_2/c204.png,11
RC04853/page_2/c219.png,6
RC04853/page_2/c237.png,13
RC04853/page_2/c246.png,18
RC04853/page_2/c231.png,23
RC04853/page_2/c230.png,30
RC04853/page_2/c298.png,23
RC04853/page_2/c302.png,25
RC04853/page_2/c240.png,8
RC04853/page_2/c244.png,7
RC04853/page_2/c242.png,8
RC04853/page_2/c266.png,36
RC04853/page_2/c313.png,11
RC04853/page_2/c294.png,16
RC04853/page_2/c283.png,26
RC04853/page_2/c207.png,20
RC04853/page_2/c265.png,27
RC04853/page_2/c301.png,19
RC04853/page_2/c261.png,9
RC04853/page_2/c293.png,13
RC04853/page_2/c209.png,17
RC04853/page_2/c295.png,2
RC04853/page_2/c309.png,12
RC04853/page_2/c224.png,6
RC04853/page_2/c228.png,15
RC04853/page_2/c199.png,46
RC04853/page_2/c220.png,10
RC04853/page_2/c270.png,35
RC04853/page_2/c285.png,18
RC04853/page_2/c215.png,28
RC04853/page_2/c197.png,10
RC04853/page_2/c203.png,17
RC04853/page_2/c229.png,55
RC04853/page_2/c251.png,27
RC04853/page_2/c277.png,4
RC04853/page_2/c258.png,14
RC04853/page_2/c260.png,7
RC04853/page_2/c216.png,23
RC04853/page_2/c259.png,4
RC04853/page_2/c234.png,23
RC04853/page_2/c315.png,17
RC04853/page_2/c307.png,26
RC04853/page_2/c205.png,17
RC04853/page_2/c210.png,11
RC04853/page_2/c201.png,26
RC04853/page_2/c269.png,28
RC04853/page_2/c222.png,3
RC04853/page_2/c208.png,28
RC04853/page_2/c314.png,15
RC04853/page_2/c250.png,18
RC04853/page_2/c239.png,8
RC04853/page_2/c311.png,9
RC04853/page_2/c282.png,14
RC04853/page_2/c300.png,17
RC04853/page_2/c287.png,11
RC04844/page_4/c375.png,39
RC04844/page_4/c365.png,22
RC04844/page_4/c168.png,23
RC04844/page_4/c345.png,37
RC04844/page_4/c113.png,6
RC04844/page_4/c254.png,40
RC04844/page_4/c364.png,25
RC04844/page_4/c39.png,11
RC04844/page_4/c159.png,16
RC04844/page_4/c28.png,9
RC04844/page_4/c338.png,10
RC04844/page_4/c239.png,27
RC04844/page_4/c92.png,23
RC04844/page_4/c404.png,33
RC04844/page_4/c232.png,17
RC04844/page_4/c299.png,32
RC04844/page_4/c408.png,10
RC04844/page_4/c241.png,13
RC04844/page_4/c298.png,34
RC04844/page_4/c231.png,15
RC04844/page_4/c126.png,9
RC04844/page_4/c55.png,12
RC04844/page_4/c318.png,3
RC04844/page_4/c289.png,5
RC04844/page_4/c112.png,11
RC04844/page_4/c412.png,18
RC04844/page_4/c155.png,14
RC04844/page_4/c177.png,14
RC04844/page_4/c333.png,11
RC04844/page_4/c385.png,18
RC04844/page_4/c193.png,11
RC04844/page_4/c270.png,20
RC04844/page_4/c400.png,9
RC04844/page_4/c146.png,4
RC04844/page_4/c292.png,13
RC04844/page_4/c379.png,18
RC04844/page_4/c384.png,17
RC04844/page_4/c273.png,14
RC04844/page_4/c60.png,12
RC04844/page_4/c48.png,21
RC04844/page_4/c85.png,24
RC04844/page_4/c51.png,32
RC04844/page_4/c325.png,10
RC04844/page_4/c166.png,29
RC04844/page_4/c186.png,11
RC04844/page_4/c125.png,8
RC04844/page_4/c17.png,9
RC04844/page_4/c139.png,15
RC04844/page_4/c260.png,19
RC04844/page_4/c297.png,21
RC04844/page_4/c275.png,17
RC04844/page_4/c26.png,11
RC04844/page_4/c413.png,7
RC04844/page_4/c376.png,17
RC04844/page_4/c4.png,28
RC04844/page_4/c274.png,10
RC04844/page_4/c195.png,13
RC04844/page_4/c391.png,15
RC04844/page_4/c382.png,8
RC04844/page_4/c111.png,11
RC04844/page_4/c189.png,3
RC04844/page_4/c354.png,22
RC04844/page_4/c394.png,9
RC04844/page_4/c47.png,7
RC04844/page_4/c21.png,39
RC04844/page_4/c215.png,24
RC04844/page_4/c222.png,12
RC04844/page_4/c211.png,11
RC04844/page_4/c144.png,1
RC04844/page_4/c121.png,47
RC04844/page_4/c398.png,11
RC04844/page_4/c143.png,11
RC04844/page_4/c259.png,25
RC04844/page_4/c308.png,11
RC04844/page_4/c406.png,30
RC04844/page_4/c116.png,17
RC04844/page_4/c137.png,17
RC04844/page_4/c361.png,9
RC04844/page_4/c251.png,17
RC04844/page_4/c76.png,6
RC04844/page_4/c174.png,6
RC04844/page_4/c196.png,26
RC04844/page_4/c360.png,10
RC04844/page_4/c70.png,27
RC04844/page_4/c356.png,3
RC04844/page_4/c221.png,12
RC04844/page_4/c96.png,12
RC04844/page_4/c312.png,12
RC04844/page_4/c228.png,28
RC04844/page_4/c214.png,25
RC04844/page_4/c61.png,4
RC04844/page_4/c286.png,15
RC04844/page_4/c227.png,20
RC04844/page_4/c93.png,6
RC04844/page_4/c107.png,25
RC04844/page_4/c256.png,41
RC04844/page_4/c362.png,13
RC04844/page_4/c154.png,7
RC04844/page_4/c161.png,11
RC04844/page_4/c320.png,10
RC04844/page_4/c389.png,32
RC04844/page_4/c171.png,11
RC04844/page_4/c67.png,22
RC04844/page_4/c45.png,13
RC04844/page_4/c165.png,19
RC04844/page_4/c201.png,14
RC04844/page_4/c238.png,13
RC04844/page_4/c53.png,29
RC04844/page_4/c291.png,18
RC04844/page_4/c18.png,22
RC04844/page_4/c197.png,33
RC04844/page_4/c148.png,19
RC04844/page_4/c265.png,19
RC04844/page_4/c263.png,13
RC04844/page_4/c331.png,14
RC04844/page_4/c25.png,12
RC04844/page_4/c261.png,13
RC04844/page_4/c366.png,16
RC04844/page_4/c12.png,26
RC04844/page_4/c62.png,4
RC04844/page_4/c358.png,8
RC04844/page_4/c258.png,22
RC04844/page_4/c403.png,17
RC04844/page_4/c63.png,11
RC04844/page_4/c316.png,21
RC04844/page_4/c352.png,5
RC04844/page_4/c341.png,13
RC04844/page_4/c138.png,32
RC04844/page_4/c10.png,15
RC04844/page_4/c204.png,9
RC04844/page_4/c164.png,19
RC04844/page_4/c249.png,9
RC04844/page_4/c323.png,9
RC04844/page_4/c206.png,18
RC04844/page_4/c386.png,14
RC04844/page_4/c24.png,13
RC04844/page_4/c351.png,10
RC04844/page_4/c134.png,37
RC04844/page_4/c150.png,17
RC04844/page_4/c152.png,14
RC04844/page_4/c173.png,10
RC04844/page_4/c117.png,33
RC04844/page_4/c7.png,23
RC04844/page_4/c390.png,12
RC04844/page_4/c336.png,22
RC04844/page_4/c349.png,31
RC04844/page_4/c304.png,12
RC04844/page_4/c401.png,5
RC04844/page_4/c88.png,9
RC04844/page_4/c122.png,17
RC04844/page_4/c245.png,16
RC04844/page_4/c314.png,24
RC04844/page_4/c135.png,19
RC04844/page_4/c262.png,14
RC04844/page_4/c225.png,8
RC04844/page_4/c109.png,5
RC04844/page_4/c15.png,19
RC04844/page_4/c141.png,13
RC04844/page_4/c207.png,12
RC04844/page_4/c284.png,26
RC04844/page_4/c372.png,9
RC04844/page_4/c97.png,5
RC04844/page_4/c181.png,27
RC04844/page_4/c127.png,11
RC04844/page_4/c277.png,15
RC04844/page_4/c230.png,2
RC04844/page_4/c103.png,8
RC04844/page_4/c38.png,14
RC04844/page_4/c176.png,8
RC04844/page_4/c11.png,12
RC04844/page_4/c79.png,4
RC04844/page_4/c281.png,4
RC04844/page_4/c43.png,10
RC04844/page_4/c253.png,4
RC04844/page_4/c374.png,38
RC04844/page_4/c129.png,4
RC04844/page_4/c95.png,7
RC04844/page_4/c102.png,24
RC04844/page_4/c198.png,34
RC04844/page_4/c280.png,10
RC04844/page_4/c357.png,12
RC04844/page_4/c104.png,18
RC04844/page_4/c200.png,18
RC04844/page_4/c246.png,13
RC04844/page_4/c309.png,4
RC04844/page_4/c115.png,30
RC04844/page_4/c199.png,23
RC04844/page_4/c327.png,15
RC04844/page_4/c392.png,24
RC04844/page_4/c234.png,6
RC04844/page_4/c130.png,4
RC04844/page_4/c167.png,13
RC04844/page_4/c68.png,16
RC04844/page_4/c74.png,13
RC04844/page_4/c106.png,27
RC04844/page_4/c411.png,6
RC04844/page_4/c339.png,4
RC04844/page_4/c276.png,17
RC04844/page_4/c119.png,11
RC04844/page_4/c52.png,29
RC04844/page_4/c3.png,31
RC04844/page_4/c217.png,15
RC04844/page_4/c94.png,6
RC04844/page_4/c123.png,27
RC04844/page_4/c319.png,15
RC04844/page_4/c58.png,7
RC04844/page_4/c40.png,13
RC04844/page_4/c99.png,18
RC04844/page_4/c22.png,9
RC04844/page_4/c306.png,9
RC04844/page_4/c23.png,15
RC04844/page_4/c313.png,31
RC04844/page_4/c250.png,16
RC04844/page_4/c54.png,11
RC04844/page_4/c162.png,11
RC04844/page_4/c209.png,7
RC04844/page_4/c271.png,34
RC04844/page_4/c44.png,10
RC04844/page_4/c387.png,8
RC04844/page_4/c330.png,7
RC04844/page_4/c20.png,30
RC04844/page_4/c27.png,12
RC04844/page_4/c41.png,13
RC04844/page_4/c169.png,19
RC04844/page_4/c347.png,37
RC04844/page_4/c396.png,22
RC04844/page_4/c158.png,27
RC04844/page_4/c194.png,13
RC04844/page_4/c30.png,11
RC04844/page_4/c328.png,14
RC04844/page_4/c202.png,6
RC04844/page_4/c212.png,12
RC04844/page_4/c334.png,7
RC04844/page_4/c267.png,13
RC04844/page_4/c380.png,7
RC04844/page_4/c172.png,13
RC04844/page_4/c317.png,23
RC04844/page_4/c157.png,15
RC04844/page_4/c42.png,23
RC04844/page_4/c216.png,15
RC04844/page_4/c282.png,9
RC04844/page_4/c332.png,11
RC04844/page_4/c240.png,16
RC04844/page_4/c224.png,11
RC04844/page_4/c315.png,13
RC04844/page_4/c301.png,44
RC04844/page_4/c363.png,9
RC04844/page_4/c208.png,12
RC04844/page_4/c353.png,27
RC04844/page_4/c283.png,38
RC04844/page_4/c120.png,15
RC04844/page_4/c242.png,18
RC04844/page_4/c300.png,25
RC04844/page_4/c31.png,3
RC04844/page_4/c213.png,20
RC04844/page_4/c343.png,14
RC04844/page_4/c381.png,6
RC04844/page_4/c90.png,22
RC04844/page_4/c73.png,17
RC04844/page_4/c108.png,16
RC04844/page_4/c178.png,15
RC04844/page_4/c223.png,10
RC04844/page_4/c397.png,17
RC04844/page_4/c175.png,9
RC04844/page_4/c342.png,10
RC04844/page_4/c205.png,16
RC04844/page_4/c257.png,12
RC04844/page_4/c248.png,16
RC04844/page_4/c131.png,10
RC04844/page_4/c252.png,4
RC04844/page_4/c243.png,23
RC04844/page_4/c84.png,43
RC04844/page_4/c151.png,28
RC04844/page_4/c57.png,8
RC04844/page_4/c410.png,4
RC04844/page_4/c98.png,14
RC04844/page_4/c368.png,14
RC04844/page_4/c147.png,28
RC04844/page_4/c311.png,16
RC04844/page_4/c110.png,14
RC04844/page_4/c118.png,21
RC04844/page_4/c86.png,8
RC04844/page_4/c182.png,27
RC04844/page_4/c91.png,15
RC04844/page_4/c210.png,9
RC04844/page_4/c153.png,23
RC04844/page_4/c128.png,11
RC04844/page_4/c145.png,15
RC04844/page_4/c229.png,9
RC04844/page_4/c203.png,12
RC04844/page_4/c247.png,10
RC04844/page_4/c407.png,16
RC04844/page_4/c191.png,18
RC04844/page_4/c268.png,8
RC04844/page_4/c87.png,26
RC04844/page_4/c80.png,6
RC04844/page_4/c140.png,9
RC04844/page_4/c188.png,12
RC04844/page_4/c187.png,35
RC04844/page_4/c359.png,16
RC04844/page_4/c264.png,6
RC04844/page_4/c50.png,10
RC04844/page_4/c218.png,13
RC04844/page_4/c285.png,36
RC04844/page_4/c59.png,7
RC04844/page_4/c303.png,21
RC04844/page_4/c402.png,1
RC04844/page_4/c340.png,8
RC04844/page_4/c163.png,11
RC04844/page_4/c82.png,25
RC04844/page_4/c305.png,29
RC04844/page_4/c235.png,8
RC04844/page_4/c89.png,9
RC04844/page_4/c329.png,23
RC04844/page_4/c233.png,8
RC04844/page_4/c266.png,9
RC04844/page_4/c183.png,29
RC04844/page_4/c310.png,16
RC04844/page_4/c244.png,11
RC04844/page_4/c399.png,11
RC04844/page_4/c378.png,6
RC04844/page_4/c35.png,15
RC04844/page_4/c350.png,9
RC04844/page_4/c192.png,11
RC04844/page_4/c371.png,2
RC04844/page_4/c36.png,18
RC04844/page_4/c66.png,24
RC04844/page_4/c83.png,16
RC04844/page_4/c105.png,27
RC04844/page_4/c13.png,23
RC04844/page_4/c185.png,21
RC04844/page_4/c294.png,14
RC04844/page_4/c346.png,18
RC04844/page_4/c272.png,11
RC04844/page_4/c335.png,33
RC04844/page_4/c124.png,6
RC04844/page_4/c75.png,5
RC04844/page_4/c1.png,40
RC04844/page_4/c219.png,14
RC04844/page_4/c78.png,11
RC04844/page_4/c393.png,8
RC04844/page_4/c395.png,21
RC04844/page_4/c369.png,12
RC04844/page_4/c307.png,14
RC04844/page_4/c132.png,14
RC04844/page_4/c156.png,15
RC04844/page_4/c101.png,24
RC04844/page_4/c355.png,16
RC04844/page_4/c383.png,13
RC04844/page_4/c405.png,38
RC04844/page_4/c56.png,23
RC04844/page_4/c322.png,11
RC04844/page_4/c237.png,22
RC04844/page_4/c337.png,8
RC04844/page_4/c16.png,10
RC04844/page_4/c49.png,24
RC04844/page_4/c37.png,35
RC04844/page_4/c14.png,11
RC04844/page_4/c72.png,5
RC04844/page_4/c344.png,15
RC04844/page_4/c34.png,48
RC04844/page_4/c133.png,26
RC04844/page_4/c33.png,22
RC04844/page_4/c293.png,10
RC04844/page_4/c149.png,32
RC04844/page_4/c179.png,13
RC04844/page_4/c190.png,3
RC04844/page_4/c388.png,21
RC04844/page_4/c29.png,6
RC04844/page_4/c64.png,21
RC04844/page_4/c288.png,10
RC04844/page_4/c136.png,27
RC04844/page_4/c46.png,5
RC04844/page_4/c5.png,33
RC04844/page_4/c9.png,9
RC04844/page_4/c69.png,12
RC04844/page_4/c255.png,12
RC04844/page_4/c236.png,5
RC04844/page_4/c142.png,9
RC04844/page_4/c290.png,14
RC04844/page_4/c65.png,20
RC04844/page_4/c77.png,5
RC04844/page_4/c160.png,5
RC04844/page_4/c220.png,12
RC04844/page_4/c370.png,16
RC04844/page_4/c100.png,33
RC04844/page_4/c170.png,30
RC04844/page_4/c348.png,32
RC04844/page_4/c302.png,24
RC04844/page_4/c409.png,15
RC04844/page_1/c164.png,13
RC04844/page_1/c369.png,16
RC04844/page_1/c429.png,2
RC04844/page_1/c407.png,14
RC04844/page_1/c105.png,12
RC04844/page_1/c320.png,8
RC04844/page_1/c43.png,20
RC04844/page_1/c88.png,17
RC04844/page_1/c279.png,28
RC04844/page_1/c316.png,24
RC04844/page_1/c217.png,31
RC04844/page_1/c267.png,10
RC04844/page_1/c137.png,15
RC04844/page_1/c438.png,14
RC04844/page_1/c349.png,17
RC04844/page_1/c135.png,8
RC04844/page_1/c93.png,13
RC04844/page_1/c52.png,8
RC04844/page_1/c314.png,20
RC04844/page_1/c328.png,11
RC04844/page_1/c45.png,20
RC04844/page_1/c424.png,5
RC04844/page_1/c402.png,33
RC04844/page_1/c66.png,15
RC04844/page_1/c169.png,2
RC04844/page_1/c132.png,9
RC04844/page_1/c155.png,10
RC04844/page_1/c251.png,29
RC04844/page_1/c358.png,27
RC04844/page_1/c60.png,25
RC04844/page_1/c178.png,42
RC04844/page_1/c408.png,23
RC04844/page_1/c161.png,26
RC04844/page_1/c419.png,10
RC04844/page_1/c133.png,11
RC04844/page_1/c339.png,23
RC04844/page_1/c352.png,28
RC04844/page_1/c187.png,2
RC04844/page_1/c159.png,10
RC04844/page_1/c361.png,7
RC04844/page_1/c311.png,9
RC04844/page_1/c317.png,8
RC04844/page_1/c68.png,14
RC04844/page_1/c34.png,14
RC04844/page_1/c289.png,25
RC04844/page_1/c383.png,24
RC04844/page_1/c233.png,14
RC04844/page_1/c249.png,13
RC04844/page_1/c406.png,13
RC04844/page_1/c363.png,7
RC04844/page_1/c230.png,5
RC04844/page_1/c368.png,26
RC04844/page_1/c184.png,23
RC04844/page_1/c301.png,14
RC04844/page_1/c111.png,27
RC04844/page_1/c256.png,11
RC04844/page_1/c101.png,10
RC04844/page_1/c385.png,26
RC04844/page_1/c194.png,21
RC04844/page_1/c4.png,30
RC04844/page_1/c443.png,4
RC04844/page_1/c354.png,17
RC04844/page_1/c315.png,10
RC04844/page_1/c364.png,11
RC04844/page_1/c307.png,29
RC04844/page_1/c282.png,20
RC04844/page_1/c36.png,18
RC04844/page_1/c243.png,37
RC04844/page_1/c175.png,7
RC04844/page_1/c39.png,2
RC04844/page_1/c228.png,18
RC04844/page_1/c310.png,6
RC04844/page_1/c344.png,10
RC04844/page_1/c102.png,12
RC04844/page_1/c174.png,23
RC04844/page_1/c380.png,5
RC04844/page_1/c388.png,43
RC04844/page_1/c29.png,33
RC04844/page_1/c264.png,10
RC04844/page_1/c427.png,38
RC04844/page_1/c26.png,9
RC04844/page_1/c293.png,26
RC04844/page_1/c9.png,5
RC04844/page_1/c234.png,5
RC04844/page_1/c208.png,10
RC04844/page_1/c378.png,19
RC04844/page_1/c160.png,23
RC04844/page_1/c362.png,18
RC04844/page_1/c334.png,6
RC04844/page_1/c151.png,25
RC04844/page_1/c28.png,5
RC04844/page_1/c420.png,8
RC04844/page_1/c254.png,14
RC04844/page_1/c201.png,34
RC04844/page_1/c144.png,13
RC04844/page_1/c148.png,7
RC04844/page_1/c221.png,18
RC04844/page_1/c291.png,30
RC04844/page_1/c308.png,16
RC04844/page_1/c298.png,12
RC04844/page_1/c370.png,26
RC04844/page_1/c435.png,12
RC04844/page_1/c23.png,8
RC04844/page_1/c414.png,20
RC04844/page_1/c112.png,19
RC04844/page_1/c325.png,20
RC04844/page_1/c333.png,6
RC04844/page_1/c304.png,7
RC04844/page_1/c35.png,12
RC04844/page_1/c154.png,9
RC04844/page_1/c122.png,10
RC04844/page_1/c394.png,3
RC04844/page_1/c237.png,12
RC04844/page_1/c376.png,5
RC04844/page_1/c318.png,8
RC04844/page_1/c67.png,7
RC04844/page_1/c113.png,24
RC04844/page_1/c127.png,28
RC04844/page_1/c236.png,10
RC04844/page_1/c118.png,16
RC04844/page_1/c274.png,6
RC04844/page_1/c186.png,18
RC04844/page_1/c94.png,14
RC04844/page_1/c323.png,24
RC04844/page_1/c56.png,26
RC04844/page_1/c27.png,13
RC04844/page_1/c300.png,16
RC04844/page_1/c377.png,12
RC04844/page_1/c312.png,15
RC04844/page_1/c331.png,8
RC04844/page_1/c6.png,6
RC04844/page_1/c33.png,27
RC04844/page_1/c79.png,11
RC04844/page_1/c145.png,11
RC04844/page_1/c277.png,20
RC04844/page_1/c65.png,12
RC04844/page_1/c265.png,29
RC04844/page_1/c356.png,18
RC04844/page_1/c31.png,30
RC04844/page_1/c73.png,18
RC04844/page_1/c387.png,38
RC04844/page_1/c44.png,21
RC04844/page_1/c335.png,13
RC04844/page_1/c225.png,6
RC04844/page_1/c100.png,17
RC04844/page_1/c128.png,19
RC04844/page_1/c147.png,11
RC04844/page_1/c280.png,13
RC04844/page_1/c150.png,43
RC04844/page_1/c285.png,8
RC04844/page_1/c262.png,17
RC04844/page_1/c152.png,8
RC04844/page_1/c276.png,24
RC04844/page_1/c353.png,26
RC04844/page_1/c196.png,10
RC04844/page_1/c61.png,14
RC04844/page_1/c266.png,18
RC04844/page_1/c250.png,17
RC04844/page_1/c399.png,11
RC04844/page_1/c248.png,13
RC04844/page_1/c373.png,23
RC04844/page_1/c165.png,24
RC04844/page_1/c214.png,27
RC04844/page_1/c120.png,16
RC04844/page_1/c195.png,12
RC04844/page_1/c141.png,16
RC04844/page_1/c90.png,8
RC04844/page_1/c303.png,12
RC04844/page_1/c329.png,9
RC04844/page_1/c275.png,32
RC04844/page_1/c341.png,9
RC04844/page_1/c386.png,32
RC04844/page_1/c395.png,21
RC04844/page_1/c405.png,9
RC04844/page_1/c10.png,25
RC04844/page_1/c172.png,11
RC04844/page_1/c134.png,14
RC04844/page_1/c98.png,18
RC04844/page_1/c337.png,26
RC04844/page_1/c99.png,16
RC04844/page_1/c372.png,10
RC04844/page_1/c7.png,19
RC04844/page_1/c257.png,14
RC04844/page_1/c433.png,13
RC04844/page_1/c244.png,38
RC04844/page_1/c413.png,28
RC04844/page_1/c103.png,13
RC04844/page_1/c418.png,10
RC04844/page_1/c17.png,17
RC04844/page_1/c410.png,17
RC04844/page_1/c219.png,12
RC04844/page_1/c18.png,8
RC04844/page_1/c397.png,12
RC04844/page_1/c350.png,11
RC04844/page_1/c125.png,13
RC04844/page_1/c129.png,6
RC04844/page_1/c288.png,25
RC04844/page_1/c204.png,22
RC04844/page_1/c415.png,20
RC04844/page_1/c313.png,8
RC04844/page_1/c441.png,23
RC04844/page_1/c53.png,8
RC04844/page_1/c69.png,12
RC04844/page_1/c375.png,9
RC04844/page_1/c211.png,8
RC04844/page_1/c309.png,19
RC04844/page_1/c108.png,8
RC04844/page_1/c229.png,15
RC04844/page_1/c192.png,10
RC04844/page_1/c332.png,10
RC04844/page_1/c177.png,7
RC04844/page_1/c32.png,32
RC04844/page_1/c157.png,7
RC04844/page_1/c278.png,16
RC04844/page_1/c16.png,13
RC04844/page_1/c270.png,7
RC04844/page_1/c37.png,15
RC04844/page_1/c213.png,15
RC04844/page_1/c340.png,8
RC04844/page_1/c384.png,23
RC04844/page_1/c30.png,20
RC04844/page_1/c306.png,25
RC04844/page_1/c24.png,7
RC04844/page_1/c401.png,16
RC04844/page_1/c22.png,7
RC04844/page_1/c170.png,7
RC04844/page_1/c8.png,8
RC04844/page_1/c396.png,19
RC04844/page_1/c273.png,6
RC04844/page_1/c62.png,14
RC04844/page_1/c12.png,18
RC04844/page_1/c283.png,8
RC04844/page_1/c21.png,26
RC04844/page_1/c123.png,22
RC04844/page_1/c82.png,12
RC04844/page_1/c117.png,8
RC04844/page_1/c167.png,16
RC04844/page_1/c14.png,8
RC04844/page_1/c206.png,31
RC04844/page_1/c96.png,19
RC04844/page_1/c54.png,8
RC04844/page_1/c106.png,5
RC04844/page_1/c286.png,12
RC04844/page_1/c321.png,30
RC04844/page_1/c355.png,38
RC04844/page_1/c241.png,26
RC04844/page_1/c232.png,13
RC04844/page_1/c357.png,25
RC04844/page_1/c1.png,16
RC04844/page_1/c263.png,10
RC04844/page_1/c47.png,17
RC04844/page_1/c149.png,9
RC04844/page_1/c49.png,10
RC04844/page_1/c25.png,13
RC04844/page_1/c367.png,4
RC04844/page_1/c162.png,9
RC04844/page_1/c374.png,29
RC04844/page_1/c126.png,16
RC04844/page_1/c41.png,9
RC04844/page_1/c80.png,24
RC04844/page_1/c389.png,20
RC04844/page_1/c242.png,18
RC04844/page_1/c238.png,6
RC04844/page_1/c261.png,13
RC04844/page_1/c295.png,16
RC04844/page_1/c390.png,8
RC04844/page_1/c146.png,8
RC04844/page_1/c400.png,16
RC04844/page_1/c130.png,10
RC04844/page_1/c423.png,9
RC04844/page_1/c426.png,24
RC04844/page_1/c210.png,23
RC04844/page_1/c115.png,11
RC04844/page_1/c198.png,36
RC04844/page_1/c116.png,13
RC04844/page_1/c185.png,9
RC04844/page_1/c200.png,15
RC04844/page_1/c182.png,24
RC04844/page_1/c284.png,17
RC04844/page_1/c19.png,11
RC04844/page_1/c391.png,20
RC04844/page_1/c346.png,6
RC04844/page_1/c75.png,10
RC04844/page_1/c205.png,21
RC04844/page_1/c220.png,28
RC04844/page_1/c268.png,17
RC04844/page_1/c97.png,23
RC04844/page_1/c269.png,15
RC04844/page_1/c326.png,5
RC04844/page_1/c189.png,12
RC04844/page_1/c203.png,35
RC04844/page_1/c227.png,13
RC04844/page_1/c253.png,26
RC04844/page_1/c411.png,8
RC04844/page_1/c336.png,15
RC04844/page_1/c437.png,8
RC04844/page_1/c223.png,5
RC04844/page_1/c11.png,13
RC04844/page_1/c173.png,5
RC04844/page_1/c258.png,40
RC04844/page_1/c158.png,14
RC04844/page_1/c294.png,15
RC04844/page_1/c224.png,19
RC04844/page_1/c109.png,12
RC04844/page_1/c153.png,18
RC04844/page_1/c176.png,5
RC04844/page_1/c434.png,15
RC04844/page_1/c412.png,30
RC04844/page_1/c3.png,29
RC04844/page_1/c59.png,13
RC04844/page_1/c74.png,17
RC04844/page_1/c255.png,6
RC04844/page_1/c319.png,13
RC04844/page_1/c107.png,6
RC04844/page_1/c351.png,16
RC04844/page_1/c430.png,26
RC04844/page_1/c404.png,21
RC04844/page_1/c436.png,9
RC04844/page_1/c246.png,30
RC04844/page_1/c156.png,3
RC04844/page_1/c287.png,5
RC04844/page_1/c77.png,20
RC04844/page_1/c104.png,7
RC04844/page_1/c425.png,4
RC04844/page_1/c398.png,20
RC04844/page_1/c442.png,7
RC04844/page_1/c139.png,29
RC04844/page_1/c191.png,16
RC04844/page_1/c58.png,22
RC04844/page_1/c78.png,4
RC04844/page_1/c330.png,10
RC04844/page_1/c55.png,10
RC04844/page_1/c247.png,23
RC04844/page_1/c121.png,11
RC04844/page_1/c190.png,32
RC04844/page_1/c231.png,29
RC04844/page_1/c171.png,16
RC04844/page_1/c85.png,32
RC04844/page_1/c64.png,8
RC04844/page_1/c338.png,15
RC04844/page_1/c89.png,20
RC04844/page_1/c183.png,20
RC04844/page_1/c142.png,13
RC04844/page_1/c366.png,8
RC04844/page_1/c440.png,8
RC04844/page_1/c91.png,10
RC04844/page_1/c199.png,19
RC04844/page_1/c48.png,18
RC04844/page_1/c168.png,7
RC04844/page_1/c360.png,28
RC04844/page_1/c432.png,22
RC04844/page_1/c15.png,23
RC04844/page_1/c409.png,4
RC04844/page_1/c416.png,33
RC04844/page_1/c215.png,18
RC04844/page_1/c181.png,8
RC04844/page_1/c140.png,2
RC04844/page_1/c324.png,21
RC04844/page_1/c163.png,16
RC04844/page_1/c71.png,19
RC04844/page_1/c42.png,9
RC04844/page_1/c347.png,8
RC04844/page_1/c72.png,14
RC04844/page_1/c193.png,21
RC04844/page_1/c393.png,24
RC04844/page_1/c305.png,6
RC04844/page_1/c143.png,7
RC04844/page_1/c13.png,17
RC04844/page_1/c40.png,10
RC04844/page_1/c5.png,25
RC04844/page_1/c216.png,30
RC04844/page_1/c131.png,3
RC04844/page_1/c57.png,19
RC04844/page_1/c46.png,17
RC04844/page_1/c371.png,21
RC04844/page_1/c359.png,23
RC04844/page_1/c422.png,9
RC04844/page_1/c403.png,6
RC04844/page_1/c51.png,8
RC04844/page_1/c226.png,8
RC04844/page_1/c421.png,6
RC04844/page_1/c297.png,31
RC04844/page_1/c342.png,12
RC04844/page_1/c272.png,11
RC04844/page_1/c20.png,14
RC04844/page_1/c212.png,6
RC04844/page_1/c348.png,4
RC04844/page_1/c271.png,12
RC04844/page_1/c218.png,8
RC04844/page_1/c114.png,11
RC04844/page_1/c290.png,29
RC04844/page_1/c63.png,11
RC04844/page_1/c343.png,10
RC04844/page_1/c245.png,51
RC04844/page_1/c70.png,17
RC04844/page_1/c179.png,36
RC04844/page_1/c222.png,11
RC04844/page_1/c439.png,24
RC04844/page_1/c2.png,15
RC04844/page_1/c50.png,10
RC04844/page_1/c322.png,37
RC04844/page_1/c428.png,13
RC04844/page_1/c166.png,6
RC04844/page_1/c76.png,13
RC04844/page_1/c188.png,9
RC04844/page_1/c235.png,9
RC04844/page_1/c84.png,14
RC04844/page_1/c365.png,13
RC04844/page_1/c119.png,9
RC04844/page_1/c379.png,11
RC04844/page_1/c87.png,13
RC04844/page_1/c86.png,31
RC04844/page_1/c38.png,7
RC04844/page_1/c92.png,9
RC04844/page_1/c252.png,7
RC04844/page_1/c327.png,12
RC04844/page_1/c260.png,13
RC04844/page_1/c381.png,7
RC04844/page_1/c209.png,24
RC04844/page_1/c240.png,12
RC04844/page_1/c431.png,24
RC04844/page_1/c124.png,28
RC04844/page_2/c12.png,7
RC04844/page_2/c51.png,13
RC04844/page_2/c19.png,16
RC04844/page_2/c10.png,5
RC04844/page_2/c17.png,4
RC04844/page_2/c4.png,31
RC04844/page_2/c13.png,20
RC04844/page_2/c20.png,27
RC04844/page_2/c3.png,29
RC04844/page_2/c23.png,10
RC04844/page_2/c9.png,9
RC04844/page_2/c28.png,10
RC04844/page_2/c33.png,8
RC04844/page_2/c27.png,16
RC04844/page_2/c8.png,13
RC04844/page_2/c55.png,18
RC04844/page_2/c52.png,20
RC04844/page_2/c14.png,4
RC04844/page_2/c40.png,13
RC04844/page_2/c38.png,16
RC04844/page_2/c41.png,31
RC04844/page_2/c46.png,16
RC04844/page_2/c49.png,8
RC04844/page_2/c36.png,20
RC04844/page_2/c21.png,18
RC04844/page_2/c31.png,10
RC04844/page_2/c45.png,8
RC04844/page_2/c44.png,10
RC04844/page_2/c32.png,3
RC04844/page_2/c48.png,10
RC04844/page_2/c34.png,16
RC04844/page_2/c37.png,14
RC04844/page_2/c29.png,12
RC04844/page_2/c50.png,28
RC04844/page_2/c25.png,13
RC04844/page_2/c22.png,11
RC04844/page_2/c5.png,17
RC04844/page_2/c1.png,39
RC04844/page_2/c6.png,30
RC04844/page_2/c26.png,23
RC04844/page_2/c2.png,24
RC04844/page_2/c24.png,14
RC04844/page_2/c11.png,12
RC04844/page_2/c39.png,10
RC04844/page_2/c54.png,8
RC04844/page_2/c35.png,37
RC04844/page_2/c30.png,2
RC04844/page_2/c15.png,4
RC04844/page_2/c53.png,13
RC04844/page_2/c16.png,4
RC04844/page_2/c42.png,21
RC04844/page_2/c43.png,13
RC04844/page_2/c18.png,9
RC04844/page_2/c47.png,11
RC04844/page_2/c7.png,16
RC04844/page_2/c105.png,16
RC04844/page_2/c227.png,30
RC04844/page_2/c306.png,7
RC04844/page_2/c359.png,34
RC04844/page_2/c361.png,25
RC04844/page_2/c351.png,27
RC04844/page_2/c219.png,20
RC04844/page_2/c121.png,36
RC04844/page_2/c319.png,21
RC04844/page_2/c325.png,17
RC04844/page_2/c67.png,3
RC04844/page_2/c186.png,19
RC04844/page_2/c158.png,22
RC04844/page_2/c228.png,22
RC04844/page_2/c406.png,33
RC04844/page_2/c220.png,33
RC04844/page_2/c179.png,27
RC04844/page_2/c321.png,4
RC04844/page_2/c204.png,14
RC04844/page_2/c88.png,35
RC04844/page_2/c212.png,4
RC04844/page_2/c340.png,11
RC04844/page_2/c376.png,28
RC04844/page_2/c180.png,21
RC04844/page_2/c268.png,10
RC04844/page_2/c132.png,16
RC04844/page_2/c318.png,26
RC04844/page_2/c390.png,23
RC04844/page_2/c193.png,10
RC04844/page_2/c413.png,7
RC04844/page_2/c414.png,15
RC04844/page_2/c150.png,17
RC04844/page_2/c276.png,33
RC04844/page_2/c357.png,16
RC04844/page_2/c59.png,14
RC04844/page_2/c278.png,16
RC04844/page_2/c301.png,28
RC04844/page_2/c109.png,23
RC04844/page_2/c161.png,11
RC04844/page_2/c91.png,12
RC04844/page_2/c304.png,16
RC04844/page_2/c151.png,26
RC04844/page_2/c144.png,5
RC04844/page_2/c296.png,12
RC04844/page_2/c221.png,14
RC04844/page_2/c94.png,26
RC04844/page_2/c159.png,12
RC04844/page_2/c328.png,1
RC04844/page_2/c89.png,26
RC04844/page_2/c402.png,32
RC04844/page_2/c187.png,16
RC04844/page_2/c334.png,29
RC04844/page_2/c238.png,12
RC04844/page_2/c194.png,5
RC04844/page_2/c172.png,23
RC04844/page_2/c224.png,2
RC04844/page_2/c368.png,11
RC04844/page_2/c316.png,18
RC04844/page_2/c342.png,4
RC04844/page_2/c86.png,15
RC04844/page_2/c75.png,6
RC04844/page_2/c130.png,11
RC04844/page_2/c133.png,4
RC04844/page_2/c142.png,20
RC04844/page_2/c282.png,2
RC04844/page_2/c279.png,15
RC04844/page_2/c307.png,5
RC04844/page_2/c72.png,13
RC04844/page_2/c344.png,40
RC04844/page_2/c152.png,40
RC04844/page_2/c367.png,14
RC04844/page_2/c177.png,9
RC04844/page_2/c115.png,11
RC04844/page_2/c392.png,16
RC04844/page_2/c108.png,4
RC04844/page_2/c416.png,3
RC04844/page_2/c230.png,22
RC04844/page_2/c153.png,23
RC04844/page_2/c218.png,42
RC04844/page_2/c294.png,35
RC04844/page_2/c78.png,9
RC04844/page_2/c96.png,5
RC04844/page_2/c409.png,27
RC04844/page_2/c77.png,19
RC04844/page_2/c272.png,15
RC04844/page_2/c80.png,10
RC04844/page_2/c183.png,13
RC04844/page_2/c122.png,15
RC04844/page_2/c239.png,18
RC04844/page_2/c387.png,7
RC04844/page_2/c234.png,12
RC04844/page_2/c61.png,14
RC04844/page_2/c170.png,22
RC04844/page_2/c137.png,20
RC04844/page_2/c399.png,7
RC04844/page_2/c380.png,4
RC04844/page_2/c395.png,10
RC04844/page_2/c174.png,10
RC04844/page_2/c407.png,24
RC04844/page_2/c352.png,7
RC04844/page_2/c129.png,14
RC04844/page_2/c185.png,21
RC04844/page_2/c57.png,10
RC04844/page_2/c385.png,9
RC04844/page_2/c287.png,24
RC04844/page_2/c68.png,23
RC04844/page_2/c145.png,12
RC04844/page_2/c312.png,10
RC04844/page_2/c120.png,20
RC04844/page_2/c258.png,36
RC04844/page_2/c366.png,9
RC04844/page_2/c171.png,9
RC04844/page_2/c320.png,17
RC04844/page_2/c202.png,12
RC04844/page_2/c147.png,5
RC04844/page_2/c131.png,14
RC04844/page_2/c233.png,7
RC04844/page_2/c173.png,9
RC04844/page_2/c196.png,30
RC04844/page_2/c267.png,19
RC04844/page_2/c293.png,23
RC04844/page_2/c336.png,19
RC04844/page_2/c198.png,8
RC04844/page_2/c162.png,4
RC04844/page_2/c154.png,30
RC04844/page_2/c136.png,35
RC04844/page_2/c111.png,17
RC04844/page_2/c241.png,28
RC04844/page_2/c251.png,21
RC04844/page_2/c364.png,29
RC04844/page_2/c324.png,13
RC04844/page_2/c156.png,17
RC04844/page_2/c217.png,32
RC04844/page_2/c169.png,23
RC04844/page_2/c124.png,23
RC04844/page_2/c214.png,5
RC04844/page_2/c345.png,28
RC04844/page_2/c184.png,8
RC04844/page_2/c283.png,5
RC04844/page_2/c363.png,20
RC04844/page_2/c257.png,9
RC04844/page_2/c82.png,5
RC04844/page_2/c106.png,25
RC04844/page_2/c263.png,15
RC04844/page_2/c245.png,13
RC04844/page_2/c97.png,34
RC04844/page_2/c205.png,27
RC04844/page_2/c250.png,15
RC04844/page_2/c355.png,16
RC04844/page_2/c208.png,20
RC04844/page_2/c71.png,36
RC04844/page_2/c410.png,9
RC04844/page_2/c157.png,18
RC04844/page_2/c63.png,5
RC04844/page_2/c213.png,17
RC04844/page_2/c210.png,16
RC04844/page_2/c65.png,1
RC04844/page_2/c203.png,25
RC04844/page_2/c382.png,11
RC04844/page_2/c315.png,17
RC04844/page_2/c235.png,9
RC04844/page_2/c166.png,8
RC04844/page_2/c83.png,7
RC04844/page_2/c309.png,11
RC04844/page_2/c327.png,3
RC04844/page_2/c255.png,16
RC04844/page_2/c252.png,5
RC04844/page_2/c243.png,24
RC04844/page_2/c343.png,14
RC04844/page_2/c372.png,16
RC04844/page_2/c292.png,34
RC04844/page_2/c113.png,37
RC04844/page_2/c249.png,31
RC04844/page_2/c191.png,11
RC04844/page_2/c92.png,4
RC04844/page_2/c277.png,6
RC04844/page_2/c295.png,8
RC04844/page_2/c333.png,16
RC04844/page_2/c285.png,4
RC04844/page_2/c87.png,29
RC04844/page_2/c56.png,29
RC04844/page_2/c347.png,28
RC04844/page_2/c60.png,13
RC04844/page_2/c302.png,34
RC04844/page_2/c107.png,26
RC04844/page_2/c226.png,24
RC04844/page_2/c264.png,13
RC04844/page_2/c66.png,3
RC04844/page_2/c112.png,23
RC04844/page_2/c139.png,32
RC04844/page_2/c415.png,8
RC04844/page_2/c181.png,10
RC04844/page_2/c125.png,30
RC04844/page_2/c118.png,34
RC04844/page_2/c102.png,17
RC04844/page_2/c160.png,38
RC04844/page_2/c291.png,22
RC04844/page_2/c143.png,9
RC04844/page_2/c391.png,15
RC04844/page_2/c266.png,8
RC04844/page_2/c93.png,13
RC04844/page_2/c356.png,16
RC04844/page_2/c412.png,6
RC04844/page_2/c163.png,19
RC04844/page_2/c168.png,40
RC04844/page_2/c275.png,19
RC04844/page_2/c313.png,23
RC04844/page_2/c331.png,17
RC04844/page_2/c254.png,6
RC04844/page_2/c138.png,33
RC04844/page_2/c269.png,15
RC04844/page_2/c211.png,13
RC04844/page_2/c335.png,6
RC04844/page_2/c225.png,6
RC04844/page_2/c311.png,1
RC04844/page_2/c90.png,11
RC04844/page_2/c126.png,24
RC04844/page_2/c297.png,3
RC04844/page_2/c375.png,10
RC04844/page_2/c247.png,39
RC04844/page_2/c244.png,14
RC04844/page_2/c341.png,0
RC04844/page_2/c229.png,24
RC04844/page_2/c381.png,21
RC04844/page_2/c408.png,9
RC04844/page_2/c374.png,30
RC04844/page_2/c365.png,7
RC04844/page_2/c322.png,18
RC04844/page_2/c370.png,8
RC04844/page_2/c377.png,13
RC04844/page_2/c362.png,17
RC04844/page_2/c209.png,22
RC04844/page_2/c394.png,3
RC04844/page_2/c346.png,26
RC04844/page_2/c182.png,11
RC04844/page_2/c236.png,11
RC04844/page_2/c85.png,35
RC04844/page_2/c195.png,4
RC04844/page_2/c260.png,37
RC04844/page_2/c354.png,26
RC04844/page_2/c103.png,27
RC04844/page_2/c262.png,18
RC04844/page_2/c116.png,13
RC04844/page_2/c289.png,14
RC04844/page_2/c117.png,35
RC04844/page_2/c62.png,8
RC04844/page_2/c114.png,9
RC04844/page_2/c256.png,4
RC04844/page_2/c242.png,30
RC04844/page_2/c135.png,13
RC04844/page_2/c404.png,3
RC04844/page_2/c69.png,16
RC04844/page_2/c270.png,15
RC04844/page_2/c127.png,42
RC04844/page_2/c197.png,19
RC04844/page_2/c388.png,24
RC04844/page_2/c155.png,25
RC04844/page_2/c190.png,9
RC04844/page_2/c58.png,4
RC04844/page_2/c223.png,10
RC04844/page_2/c128.png,4
RC04844/page_2/c148.png,5
RC04844/page_2/c383.png,20
RC04844/page_2/c326.png,10
RC04844/page_2/c280.png,14
RC04844/page_2/c398.png,15
RC04844/page_2/c401.png,9
RC04844/page_2/c232.png,18
RC04844/page_2/c308.png,9
RC04844/page_2/c348.png,28
RC04844/page_2/c95.png,12
RC04844/page_2/c273.png,3
RC04844/page_2/c396.png,13
RC04844/page_2/c146.png,8
RC04844/page_2/c300.png,8
RC04844/page_2/c207.png,9
RC04844/page_2/c199.png,23
RC04844/page_2/c290.png,18
RC04844/page_2/c192.png,19
RC04844/page_2/c215.png,10
RC04844/page_2/c371.png,33
RC04844/page_2/c222.png,21
RC04844/page_2/c379.png,28
RC04844/page_2/c397.png,13
RC04844/page_2/c140.png,13
RC04844/page_2/c305.png,21
RC04844/page_2/c358.png,6
RC04844/page_2/c369.png,10
RC04844/page_2/c337.png,14
RC04844/page_2/c81.png,15
RC04844/page_2/c248.png,20
RC04844/page_2/c99.png,6
RC04844/page_2/c74.png,17
RC04844/page_2/c353.png,11
RC04844/page_2/c298.png,3
RC04844/page_2/c332.png,24
RC04844/page_2/c271.png,8
RC04844/page_2/c64.png,16
RC04844/page_2/c253.png,12
RC04844/page_2/c384.png,16
RC04844/page_2/c261.png,28
RC04844/page_2/c237.png,16
RC04844/page_2/c350.png,29
RC04844/page_2/c310.png,9
RC04844/page_2/c84.png,6
RC04844/page_2/c323.png,17
RC04844/page_2/c201.png,9
RC04844/page_2/c393.png,24
RC04844/page_2/c373.png,34
RC04844/page_2/c265.png,9
RC04844/page_2/c329.png,3
RC04844/page_2/c386.png,10
RC04844/page_2/c216.png,16
RC04844/page_2/c73.png,11
RC04844/page_2/c70.png,12
RC04844/page_2/c274.png,2
RC04844/page_2/c200.png,16
RC04844/page_2/c286.png,25
RC04844/page_2/c149.png,4
RC04844/page_2/c206.png,3
RC04844/page_2/c284.png,10
RC04844/page_2/c134.png,14
RC04844/page_2/c259.png,32
RC04844/page_2/c281.png,9
RC04844/page_2/c360.png,28
RC04844/page_2/c100.png,2
RC04844/page_2/c411.png,24
RC04844/page_2/c110.png,9
RC04844/page_2/c338.png,10
RC04844/page_2/c165.png,7
RC04844/page_2/c101.png,3
RC04844/page_2/c231.png,30
RC04844/page_2/c400.png,16
RC04844/page_2/c389.png,26
RC04844/page_2/c339.png,16
RC04844/page_2/c76.png,3
RC04844/page_2/c189.png,23
RC04844/page_2/c164.png,5
RC04844/page_2/c98.png,5
RC04844/page_2/c119.png,32
RC04844/page_2/c299.png,6
RC04844/page_2/c349.png,25
RC04844/page_2/c104.png,38
RC04844/page_2/c141.png,12
RC04844/page_2/c240.png,14
RC04844/page_2/c79.png,8
RC04844/page_2/c303.png,11
RC04844/page_2/c123.png,6
RC04844/page_3/c120.png,10
RC04844/page_3/c310.png,10
RC04844/page_3/c191.png,19
RC04844/page_3/c316.png,23
RC04844/page_3/c319.png,19
RC04844/page_3/c113.png,9
RC04844/page_3/c275.png,23
RC04844/page_3/c75.png,22
RC04844/page_3/c421.png,16
RC04844/page_3/c324.png,16
RC04844/page_3/c402.png,5
RC04844/page_3/c307.png,3
RC04844/page_3/c312.png,13
RC04844/page_3/c246.png,21
RC04844/page_3/c436.png,9
RC04844/page_3/c254.png,21
RC04844/page_3/c249.png,2
RC04844/page_3/c188.png,13
RC04844/page_3/c145.png,31
RC04844/page_3/c238.png,11
RC04844/page_3/c157.png,13
RC04844/page_3/c200.png,1
RC04844/page_3/c196.png,28
RC04844/page_3/c233.png,5
RC04844/page_3/c42.png,16
RC04844/page_3/c204.png,30
RC04844/page_3/c76.png,29
RC04844/page_3/c54.png,7
RC04844/page_3/c232.png,7
RC04844/page_3/c336.png,24
RC04844/page_3/c460.png,12
RC04844/page_3/c458.png,20
RC04844/page_3/c274.png,17
RC04844/page_3/c309.png,14
RC04844/page_3/c261.png,10
RC04844/page_3/c326.png,10
RC04844/page_3/c111.png,21
RC04844/page_3/c339.png,13
RC04844/page_3/c147.png,20
RC04844/page_3/c226.png,38
RC04844/page_3/c325.png,10
RC04844/page_3/c357.png,30
RC04844/page_3/c136.png,5
RC04844/page_3/c237.png,9
RC04844/page_3/c435.png,9
RC04844/page_3/c69.png,14
RC04844/page_3/c201.png,12
RC04844/page_3/c162.png,31
RC04844/page_3/c185.png,13
RC04844/page_3/c378.png,13
RC04844/page_3/c343.png,14
RC04844/page_3/c311.png,16
RC04844/page_3/c271.png,25
RC04844/page_3/c131.png,6
RC04844/page_3/c34.png,8
RC04844/page_3/c346.png,14
RC04844/page_3/c117.png,10
RC04844/page_3/c81.png,25
RC04844/page_3/c61.png,30
RC04844/page_3/c297.png,7
RC04844/page_3/c123.png,18
RC04844/page_3/c266.png,13
RC04844/page_3/c398.png,10
RC04844/page_3/c371.png,16
RC04844/page_3/c103.png,9
RC04844/page_3/c8.png,14
RC04844/page_3/c118.png,5
RC04844/page_3/c102.png,10
RC04844/page_3/c52.png,7
RC04844/page_3/c298.png,14
RC04844/page_3/c425.png,5
RC04844/page_3/c3.png,26
RC04844/page_3/c187.png,6
RC04844/page_3/c1.png,17
RC04844/page_3/c134.png,8
RC04844/page_3/c101.png,16
RC04844/page_3/c170.png,20
RC04844/page_3/c428.png,35
RC04844/page_3/c377.png,10
RC04844/page_3/c462.png,5
RC04844/page_3/c350.png,26
RC04844/page_3/c64.png,21
RC04844/page_3/c349.png,20
RC04844/page_3/c368.png,29
RC04844/page_3/c337.png,23
RC04844/page_3/c99.png,14
RC04844/page_3/c168.png,11
RC04844/page_3/c387.png,7
RC04844/page_3/c293.png,31
RC04844/page_3/c315.png,17
RC04844/page_3/c164.png,21
RC04844/page_3/c220.png,16
RC04844/page_3/c180.png,33
RC04844/page_3/c289.png,23
RC04844/page_3/c260.png,8
RC04844/page_3/c476.png,5
RC04844/page_3/c369.png,25
RC04844/page_3/c434.png,15
RC04844/page_3/c159.png,20
RC04844/page_3/c26.png,17
RC04844/page_3/c389.png,3
RC04844/page_3/c10.png,15
RC04844/page_3/c414.png,14
RC04844/page_3/c214.png,8
RC04844/page_3/c31.png,10
RC04844/page_3/c228.png,28
RC04844/page_3/c296.png,12
RC04844/page_3/c110.png,27
RC04844/page_3/c56.png,16
RC04844/page_3/c360.png,15
RC04844/page_3/c172.png,9
RC04844/page_3/c397.png,20
RC04844/page_3/c455.png,19
RC04844/page_3/c475.png,6
RC04844/page_3/c262.png,12
RC04844/page_3/c300.png,33
RC04844/page_3/c459.png,10
RC04844/page_3/c82.png,16
RC04844/page_3/c37.png,14
RC04844/page_3/c408.png,27
RC04844/page_3/c471.png,21
RC04844/page_3/c304.png,20
RC04844/page_3/c112.png,6
RC04844/page_3/c165.png,26
RC04844/page_3/c239.png,8
RC04844/page_3/c401.png,9
RC04844/page_3/c90.png,5
RC04844/page_3/c364.png,3
RC04844/page_3/c385.png,21
RC04844/page_3/c79.png,19
RC04844/page_3/c86.png,13
RC04844/page_3/c230.png,8
RC04844/page_3/c39.png,11
RC04844/page_3/c323.png,9
RC04844/page_3/c419.png,6
RC04844/page_3/c114.png,19
RC04844/page_3/c119.png,14
RC04844/page_3/c84.png,15
RC04844/page_3/c219.png,11
RC04844/page_3/c202.png,14
RC04844/page_3/c97.png,19
RC04844/page_3/c474.png,6
RC04844/page_3/c68.png,6
RC04844/page_3/c203.png,24
RC04844/page_3/c472.png,9
RC04844/page_3/c12.png,28
RC04844/page_3/c391.png,18
RC04844/page_3/c152.png,14
RC04844/page_3/c71.png,6
RC04844/page_3/c65.png,26
RC04844/page_3/c370.png,18
RC04844/page_3/c478.png,3
RC04844/page_3/c294.png,10
RC04844/page_3/c160.png,20
RC04844/page_3/c313.png,18
RC04844/page_3/c137.png,7
RC04844/page_3/c295.png,2
RC04844/page_3/c221.png,7
RC04844/page_3/c420.png,6
RC04844/page_3/c308.png,21
RC04844/page_3/c179.png,25
RC04844/page_3/c265.png,8
RC04844/page_3/c151.png,14
RC04844/page_3/c242.png,28
RC04844/page_3/c477.png,4
RC04844/page_3/c372.png,13
RC04844/page_3/c174.png,3
RC04844/page_3/c70.png,12
RC04844/page_3/c209.png,20
RC04844/page_3/c263.png,6
RC04844/page_3/c244.png,23
RC04844/page_3/c403.png,9
RC04844/page_3/c58.png,33
RC04844/page_3/c207.png,13
RC04844/page_3/c88.png,3
RC04844/page_3/c83.png,11
RC04844/page_3/c197.png,24
RC04844/page_3/c66.png,28
RC04844/page_3/c409.png,38
RC04844/page_3/c432.png,6
RC04844/page_3/c449.png,11
RC04844/page_3/c353.png,21
RC04844/page_3/c155.png,3
RC04844/page_3/c264.png,11
RC04844/page_3/c392.png,16
RC04844/page_3/c139.png,1
RC04844/page_3/c142.png,33
RC04844/page_3/c321.png,8
RC04844/page_3/c32.png,10
RC04844/page_3/c457.png,12
RC04844/page_3/c356.png,15
RC04844/page_3/c46.png,9
RC04844/page_3/c431.png,11
RC04844/page_3/c4.png,29
RC04844/page_3/c327.png,15
RC04844/page_3/c469.png,9
RC04844/page_3/c205.png,15
RC04844/page_3/c27.png,16
RC04844/page_3/c338.png,23
RC04844/page_3/c175.png,17
RC04844/page_3/c138.png,9
RC04844/page_3/c351.png,40
RC04844/page_3/c395.png,5
RC04844/page_3/c62.png,18
RC04844/page_3/c299.png,12
RC04844/page_3/c430.png,15
RC04844/page_3/c388.png,23
RC04844/page_3/c281.png,15
RC04844/page_3/c268.png,17
RC04844/page_3/c240.png,23
RC04844/page_3/c222.png,15
RC04844/page_3/c386.png,21
RC04844/page_3/c125.png,21
RC04844/page_3/c443.png,18
RC04844/page_3/c63.png,31
RC04844/page_3/c320.png,29
RC04844/page_3/c236.png,13
RC04844/page_3/c148.png,16
RC04844/page_3/c413.png,35
RC04844/page_3/c25.png,24
RC04844/page_3/c255.png,21
RC04844/page_3/c133.png,6
RC04844/page_3/c94.png,27
RC04844/page_3/c290.png,39
RC04844/page_3/c367.png,37
RC04844/page_3/c78.png,17
RC04844/page_3/c426.png,9
RC04844/page_3/c241.png,32
RC04844/page_3/c287.png,16
RC04844/page_3/c444.png,15
RC04844/page_3/c375.png,14
RC04844/page_3/c407.png,22
RC04844/page_3/c456.png,22
RC04844/page_3/c272.png,25
RC04844/page_3/c169.png,4
RC04844/page_3/c468.png,23
RC04844/page_3/c258.png,16
RC04844/page_3/c2.png,26
RC04844/page_3/c362.png,11
RC04844/page_3/c283.png,11
RC04844/page_3/c100.png,15
RC04844/page_3/c438.png,27
RC04844/page_3/c284.png,11
RC04844/page_3/c427.png,5
RC04844/page_3/c328.png,12
RC04844/page_3/c19.png,2
RC04844/page_3/c7.png,20
RC04844/page_3/c16.png,1
RC04844/page_3/c181.png,17
RC04844/page_3/c199.png,27
RC04844/page_3/c132.png,9
RC04844/page_3/c224.png,11
RC04844/page_3/c195.png,37
RC04844/page_3/c98.png,13
RC04844/page_3/c301.png,40
RC04844/page_3/c347.png,11
RC04844/page_3/c77.png,12
RC04844/page_3/c394.png,15
RC04844/page_3/c273.png,17
RC04844/page_3/c342.png,17
RC04844/page_3/c352.png,34
RC04844/page_3/c291.png,11
RC04844/page_3/c365.png,31
RC04844/page_3/c348.png,26
RC04844/page_3/c20.png,27
RC04844/page_3/c89.png,5
RC04844/page_3/c451.png,10
RC04844/page_3/c38.png,20
RC04844/page_3/c465.png,29
RC04844/page_3/c235.png,7
RC04844/page_3/c35.png,4
RC04844/page_3/c374.png,15
RC04844/page_3/c225.png,4
RC04844/page_3/c60.png,27
RC04844/page_3/c21.png,18
RC04844/page_3/c285.png,6
RC04844/page_3/c154.png,7
RC04844/page_3/c211.png,31
RC04844/page_3/c376.png,19
RC04844/page_3/c141.png,43
RC04844/page_3/c278.png,27
RC04844/page_3/c280.png,13
RC04844/page_3/c286.png,52
RC04844/page_3/c384.png,19
RC04844/page_3/c418.png,13
RC04844/page_3/c470.png,21
RC04844/page_3/c448.png,17
RC04844/page_3/c43.png,15
RC04844/page_3/c446.png,19
RC04844/page_3/c178.png,15
RC04844/page_3/c399.png,32
RC04844/page_3/c396.png,31
RC04844/page_3/c253.png,12
RC04844/page_3/c306.png,10
RC04844/page_3/c115.png,6
RC04844/page_3/c48.png,8
RC04844/page_3/c163.png,11
RC04844/page_3/c92.png,14
RC04844/page_3/c415.png,3
RC04844/page_3/c363.png,12
RC04844/page_3/c382.png,38
RC04844/page_3/c108.png,27
RC04844/page_3/c29.png,24
RC04844/page_3/c437.png,13
RC04844/page_3/c6.png,22
RC04844/page_3/c161.png,22
RC04844/page_3/c303.png,32
RC04844/page_3/c279.png,14
RC04844/page_3/c17.png,10
RC04844/page_3/c245.png,24
RC04844/page_3/c355.png,28
RC04844/page_3/c171.png,5
RC04844/page_3/c267.png,10
RC04844/page_3/c251.png,10
RC04844/page_3/c153.png,2
RC04844/page_3/c41.png,9
RC04844/page_3/c429.png,12
RC04844/page_3/c143.png,8
RC04844/page_3/c318.png,16
RC04844/page_3/c140.png,13
RC04844/page_3/c379.png,18
RC04844/page_3/c177.png,34
RC04844/page_3/c463.png,15
RC04844/page_3/c433.png,5
RC04844/page_3/c405.png,9
RC04844/page_3/c91.png,9
RC04844/page_3/c292.png,27
RC04844/page_3/c167.png,2
RC04844/page_3/c198.png,37
RC04844/page_3/c28.png,18
RC04844/page_3/c243.png,17
RC04844/page_3/c53.png,7
RC04844/page_3/c126.png,5
RC04844/page_3/c135.png,9
RC04844/page_3/c330.png,28
RC04844/page_3/c358.png,18
RC04844/page_3/c49.png,6
RC04844/page_3/c335.png,41
RC04844/page_3/c116.png,10
RC04844/page_3/c57.png,15
RC04844/page_3/c47.png,11
RC04844/page_3/c269.png,20
RC04844/page_3/c345.png,15
RC04844/page_3/c354.png,15
RC04844/page_3/c393.png,12
RC04844/page_3/c104.png,19
RC04844/page_3/c404.png,7
RC04844/page_3/c186.png,5
RC04844/page_3/c366.png,6
RC04844/page_3/c15.png,10
RC04844/page_3/c332.png,18
RC04844/page_3/c452.png,2
RC04844/page_3/c329.png,9
RC04844/page_3/c24.png,28
RC04844/page_3/c410.png,18
RC04844/page_3/c411.png,18
RC04844/page_3/c439.png,13
RC04844/page_3/c193.png,34
RC04844/page_3/c250.png,12
RC04844/page_3/c229.png,24
RC04844/page_3/c156.png,4
RC04844/page_3/c11.png,21
RC04844/page_3/c96.png,17
RC04844/page_3/c182.png,18
RC04844/page_3/c361.png,10
RC04844/page_3/c334.png,21
RC04844/page_3/c282.png,9
RC04844/page_3/c59.png,29
RC04844/page_3/c212.png,36
RC04844/page_3/c189.png,19
RC04844/page_3/c208.png,28
RC04844/page_3/c80.png,18
RC04844/page_3/c276.png,29
RC04844/page_3/c51.png,3
RC04844/page_3/c216.png,16
RC04844/page_3/c305.png,5
RC04844/page_3/c302.png,38
RC04844/page_3/c445.png,24
RC04844/page_3/c277.png,13
RC04844/page_3/c453.png,24
RC04844/page_3/c22.png,13
RC04844/page_3/c231.png,38
RC04844/page_3/c45.png,13
RC04844/page_3/c150.png,8
RC04844/page_3/c13.png,33
RC04844/page_3/c9.png,14
RC04844/page_3/c183.png,31
RC04844/page_3/c450.png,8
RC04844/page_3/c173.png,10
RC04844/page_3/c217.png,13
RC04844/page_3/c464.png,15
RC04844/page_3/c400.png,12
RC04844/page_3/c359.png,16
RC04844/page_3/c127.png,11
RC04844/page_3/c213.png,13
RC04844/page_3/c33.png,2
RC04844/page_3/c322.png,16
RC04844/page_3/c373.png,12
RC04844/page_3/c40.png,14
RC04844/page_3/c166.png,18
RC04844/page_3/c124.png,4
RC04844/page_3/c441.png,28
RC04844/page_3/c406.png,15
RC04844/page_3/c440.png,29
RC04844/page_3/c473.png,16
RC04844/page_3/c149.png,5
RC04844/page_3/c184.png,7
RC04844/page_3/c466.png,30
RC04844/page_3/c467.png,32
RC04844/page_3/c144.png,33
RC04844/page_3/c270.png,27
RC04844/page_3/c44.png,16
RC04844/page_3/c344.png,18
RC04844/page_3/c390.png,24
RC04844/page_3/c423.png,19
RC04844/page_3/c247.png,7
RC04844/page_3/c85.png,20
RC04844/page_3/c317.png,21
RC04844/page_3/c190.png,14
RC04844/page_3/c67.png,16
RC04844/page_3/c314.png,9
RC04844/page_3/c87.png,24
RC04844/page_3/c331.png,28
RC04844/page_3/c210.png,3
RC04844/page_3/c18.png,6
RC04844/page_3/c424.png,19
RC04844/page_3/c442.png,3
RC04844/page_3/c416.png,39
RC04844/page_3/c422.png,5
RC04844/page_3/c50.png,12
RC04844/page_3/c234.png,11
RC04844/page_3/c146.png,22
RC04844/page_3/c106.png,14
RC04844/page_3/c192.png,27
RC04844/page_3/c252.png,18
RC04844/page_3/c447.png,2
RC04844/page_3/c206.png,27
RC04844/page_3/c215.png,18
RC04844/page_3/c14.png,10
RC04844/page_3/c381.png,22
RC04844/page_3/c223.png,16
RC04844/page_3/c380.png,2
RC04844/page_3/c248.png,8
RC04844/page_3/c333.png,22
RC04844/page_3/c417.png,12
RC04844/page_3/c383.png,20
RC04844/page_3/c194.png,22
RC04844/page_3/c23.png,16
RC04844/page_3/c227.png,24
RC04844/page_3/c412.png,14
RC04844/page_3/c461.png,17
